"ASX code","Company name","GICs industry group","Listing date","Market Cap"
"10X","EXULTANT MINING LIMITED","Materials","11/12/2025",4862000
"14D","1414 DEGREES LIMITED","Capital Goods","12/09/2018",35719490
"1AD","ADALTA LIMITED","Pharmaceuticals, Biotechnology & Life Sciences","22/08/2016",11242592
"1AE","AURORA ENERGY METALS LIMITED","Materials","18/05/2022",10206633
"1AI","ALGORAE PHARMACEUTICALS LIMITED","Pharmaceuticals, Biotechnology & Life Sciences","01/09/2004",17234353
"1CG","ONE CLICK GROUP LIMITED","Capital Goods","28/04/2017",11765575
"1MC","MORELLA CORPORATION LIMITED","Materials","08/01/2001",12369254
"1TT","THRIVE TRIBE TECHNOLOGIES LIMITED","Software & Services","09/07/2015",5753285
"29M","29METALS LIMITED","Materials","02/07/2021",638777939
"360","LIFE360 INC.","Software & Services","10/05/2019",4955570317
"3DA","AMAERO INC.","Capital Goods","06/12/2019",176365532
"3DP","POINTERRA LIMITED","Software & Services","27/03/2008",22922950
"3PL","3P LEARNING LIMITED..","Consumer Services","09/07/2014",88694620
"49M","49 METALS LIMITED","Materials","31/03/2026",8634849
"4DS","4DS MEMORY LIMITED","Semiconductors & Semiconductor Equipment","09/12/2010",14535259
"4DX","4DMEDICAL LIMITED","Health Care Equipment & Services","07/08/2020",2450267635
"5GG","PENTANET LIMITED","Telecommunication Services","29/01/2021",7363918
"5GN","5G NETWORKS LIMITED.","Software & Services","14/12/1999",15846025
"6KA","6K ADDITIVE, INC.","Materials","04/12/2025",187458952
"88E","88 ENERGY LIMITED","Energy","20/01/2000",27284536
"8CO","8COMMON LIMITED","Software & Services","27/08/2014",8515606
"8IH","8I HOLDINGS LTD","Financial Services","17/12/2014",4177930
"A11","ATLANTIC LITHIUM LIMITED","Materials","26/09/2022",220413405
"A1M","AIC MINES LIMITED","Materials","04/11/1993",727531271
"A1N","ARN MEDIA LIMITED","Media & Entertainment","07/05/1992",87654104
"A2M","THE A2 MILK COMPANY LIMITED","Food, Beverage & Tobacco","31/03/2015",4717801908
"A3D","AURORA LABS LIMITED","Capital Goods","16/08/2016",28275461
"A4N","ALPHA HPA LIMITED","Materials","22/10/2007",951057636
"A8G","AUSTRALASIAN METALS LIMITED","Materials","13/05/2021",13204745
"AA2","ARIANA RESOURCES PLC","Materials","10/09/2025",86154743
"AAC","AUSTRALIAN AGRICULTURAL COMPANY LIMITED.","Food, Beverage & Tobacco","10/08/2001",783596771
"AAI","ALCOA CORPORATION","Materials","24/07/2024",15865069133
"AAJ","ARUMA RESOURCES LIMITED","Materials","23/07/2010",5444617
"AAL","ALFABS AUSTRALIA LIMITED","Capital Goods","28/06/2024",67445481
"AAM","AUMEGA METALS LTD","Materials","08/03/2017",56776485
"AAP","AUSTRALIAN AGRICULTURAL PROJECTS LIMITED","Food, Beverage & Tobacco","07/01/2004",20641808
"AAR","ASTRAL RESOURCES NL","Materials","13/11/1986",316541694
"AAU","ANTILLES GOLD LIMITED","Materials","25/11/1993",26264746
"AAUN","ANTILLES GOLD LIMITED","Materials","25/11/1993","--"
"ABB","AUSSIE BROADBAND LIMITED","Telecommunication Services","16/10/2020",1293078569
"ABE","AUSTRALIAN BOND EXCHANGE HOLDINGS LIMITED","Financial Services","06/12/2021",4610866
"ABG","ABACUS GROUP","Equity Real Estate Investment Trusts (REITs)","14/11/2002",719394395
"ABR","ALBRIGHT METALS LTD","Materials","17/10/2017",4661367
"ABV","ADVANCED BRAKING TECHNOLOGY LTD","Automobiles & Components","28/05/2002",47756552
"ABX","ABX GROUP LIMITED","Materials","24/12/2009",12766975
"ABY","ADORE BEAUTY GROUP LIMITED","Consumer Discretionary Distribution & Retail","23/10/2020",27717589
"ACE","ACUSENSUS LIMITED.","Software & Services","12/01/2023",174270685
"ACF","ACROW LIMITED","Capital Goods","27/06/2008",414876850
"ACL","AUSTRALIAN CLINICAL LABS LIMITED","Health Care Equipment & Services","14/05/2021",524118348
"ACM","AUSTRALIAN CRITICAL MINERALS LIMITED","Materials","03/07/2023",3449573
"ACP","AUDALIA RESOURCES LIMITED","Materials","06/07/2011",21928405
"ACQ","ACORN CAPITAL INVESTMENT FUND LIMITED","Not Applic","01/05/2014",78880497
"ACR","ACRUX LIMITED","Pharmaceuticals, Biotechnology & Life Sciences","29/09/2004",6116541
"ACS","ACCENT RESOURCES NL","Materials","26/08/2005",129727380
"ACU","ACUMENTIS GROUP LIMITED","Real Estate Management & Development","05/12/2003",21180729
"ACW","ACTINOGEN MEDICAL LIMITED","Pharmaceuticals, Biotechnology & Life Sciences","16/10/2007",209205090
"AD1","ADNEO LIMITED","Media & Entertainment","23/06/2016",6661408
"AD8","AUDINATE GROUP LIMITED","Technology Hardware & Equipment","30/06/2017",193112398
"ADC","ACDC METALS LTD","Materials","17/01/2023",5166202
"ADD","ADAVALE RESOURCES LIMITED","Energy","06/02/1992",14644598
"ADH","ADAIRS LIMITED","Consumer Discretionary Distribution & Retail","17/06/2015",226257624
"ADN","ANDROMEDA METALS LIMITED","Materials","17/09/1996",30837981
"ADO","ANTEOTECH LTD","Pharmaceuticals, Biotechnology & Life Sciences","07/04/2000",52242462
"ADR","ADHERIUM LIMITED","Health Care Equipment & Services","26/08/2015",4116576
"ADS","ADSLOT LTD.","Software & Services","17/12/1987",5970090
"ADX","ADX ENERGY LTD","Energy","29/01/1987",20593405
"ADY","ADMIRALTY RESOURCES NL.","Materials","01/12/1983","--"
"AEE","AURA ENERGY LIMITED","Energy","30/05/2006",96656955
"AEF","AUSTRALIAN ETHICAL INVESTMENT LIMITED","Financial Services","17/12/2002",475809730
"AEG","ALAND EQUITY GROUP LIMITED","Financial Services","03/05/2022",48555927
"AEI","AERIS ENVIRONMENTAL LTD","Commercial & Professional Services","12/09/2000",10356971
"AEL","AMPLITUDE ENERGY LIMITED","Energy","13/03/2002",521792646
"AEM","ADVANCED ENGINEERED MATERIALS LTD","Materials","24/12/2025",194536071
"AER","AEERIS LTD","Media & Entertainment","01/04/2015",5409521
"AEU","ATOMIC EAGLE LTD","Materials","22/11/2004",143785404
"AEV","AVENIRA LIMITED","Materials","10/10/2006",38010628
"AEVN","AVENIRA LIMITED","Materials","10/10/2006","--"
"AFA","ASF GROUP LIMITED","Financial Services","29/05/1985",37216131
"AFG","AUSTRALIAN FINANCE GROUP LTD","Financial Services","22/05/2015",332304355
"AFI","AUSTRALIAN FOUNDATION INVESTMENT COMPANY LIMITED","Not Applic","30/06/1962",8315869088
"AFL","AF LEGAL GROUP LTD","Commercial & Professional Services","19/09/2003",13446657
"AFP","AFT PHARMACEUTICALS LIMITED","Pharmaceuticals, Biotechnology & Life Sciences","22/12/2015",367061310
"AGC","AUSTRALIAN GOLD AND COPPER LTD","Materials","20/01/2021",39784605
"AGD","AUSTRAL GOLD LIMITED","Materials","18/04/1997",100215552
"AGE","ALLIGATOR ENERGY LIMITED","Energy","03/02/2011",178846830
"AGI","AINSWORTH GAME TECHNOLOGY LIMITED","Consumer Services","17/12/2001",385629049
"AGL","AGL ENERGY LIMITED.","Utilities","12/10/2006",5455980060
"AGN","ARGENICA THERAPEUTICS LIMITED","Pharmaceuticals, Biotechnology & Life Sciences","11/06/2021",16699373
"AGR","AGUIA RESOURCES LIMITED","Materials","13/02/2008",26400228
"AGT","ARBITR GROUP LIMITED","Media & Entertainment","22/10/2018",7720716
"AGY","ARGOSY MINERALS LIMITED","Materials","03/04/1997",48803828
"AHC","AUSTCO HEALTHCARE LIMITED","Health Care Equipment & Services","24/09/2004",93687820
"AHE","ADHERIS HEALTH LIMITED","Health Care Equipment & Services","26/05/2011",8293754
"AHF","AUSTRALIAN DAIRY NUTRITIONALS LIMITED","Food, Beverage & Tobacco","30/06/2006",12598900
"AHK","ARK MINES LIMITED","Materials","09/05/2011",22424863
"AHL","ADRAD HOLDINGS LIMITED","Automobiles & Components","30/09/2022",119542393
"AHN","ATHENA RESOURCES LIMITED","Materials","22/11/2006",8323545
"AI1","ADISYN LTD","Software & Services","10/11/2020",115383361
"AIA","AUCKLAND INTERNATIONAL AIRPORT LIMITED","Transportation","22/02/1999",11471982861
"AIH","ADVANCED INNERGY HOLDINGS LIMITED","Capital Goods","31/10/2025",177384309
"AIM","AI-MEDIA TECHNOLOGIES LIMITED","Software & Services","15/09/2020",45194497
"AIQ","ALTERNATIVE INVESTMENT TRUST","Not Applic","08/05/2005",82466020
"AIS","AERIS RESOURCES LIMITED","Materials","02/02/2011",705339391
"AIV","ACTIVEX LIMITED","Materials","11/04/2006",5625278
"AIX","AI PRIVATE OPPORTUNITIES TRUST","Not Applic","02/07/2026",248269229
"AIZ","AIR NEW ZEALAND LIMITED","Transportation","01/10/1997",1034739881
"AJL","AJ LUCAS GROUP LIMITED","Capital Goods","10/08/1999",8254378
"AJX","ALEXIUM INTERNATIONAL GROUP LIMITED","Materials","22/12/1999",19005757
"AKA","AUREKA LIMITED","Materials","31/03/2011",33491883
"AKG","ACADEMIES AUSTRALASIA GROUP LIMITED","Consumer Services","01/06/1977",8933013
"AKM","ASPIRE MINING LIMITED","Materials","06/02/2007",111680137
"AKN","AUKING MINING LIMITED","Materials","29/10/2007",40376139
"AKO","AKORA RESOURCES LIMITED","Materials","15/12/2020",16956805
"AL3","AML3D LIMITED","Capital Goods","20/04/2020",76605181
"ALA","AROVELLA THERAPEUTICS LIMITED","Pharmaceuticals, Biotechnology & Life Sciences","24/01/2002",58024889
"ALB","ALBION RESOURCES LIMITED","Materials","30/04/2021",8275450
"ALC","ALCIDION GROUP LIMITED","Health Care Equipment & Services","24/06/2011",134980515
"ALD","AMPOL LIMITED","Energy","31/12/1980",10368524327
"ALI","ARGO GLOBAL LISTED INFRASTRUCTURE LIMITED","Not Applic","03/07/2015",471905323
"ALK","ALKANE RESOURCES LIMITED","Materials","07/10/1980",2506985847
"ALL","ARISTOCRAT LEISURE LIMITED","Consumer Services","09/07/1996",35185506008
"ALM","ALMA METALS LIMITED","Energy","18/04/2007",23713483
"ALQ","ALS LIMITED","Commercial & Professional Services","18/07/1952",10572111379
"ALR","ALTAIR MINERALS LIMITED","Materials","01/02/2012",251899453
"ALU","ALURION RESOURCES LIMITED","Materials","31/07/2026",107239726
"ALV","ALVO MINERALS LIMITED","Materials","20/10/2021",5739717
"ALX","ATLAS ARTERIA","Transportation","25/01/2010",5668624529
"ALY","ALCHEMY RESOURCES LIMITED","Materials","26/11/2007",8316534
"AM3","AMARA MINERALS LIMITED","Materials","21/03/2007",15569636
"AM5","ANTARES METALS LIMITED","Materials","18/10/2021",6420772
"AM7","ARCADIA MINERALS LIMITED","Materials","25/06/2021",7413472
"AMA","AMA GROUP LIMITED","Commercial & Professional Services","31/08/2006",228424219
"AMC","AMCOR PLC","Materials","28/08/1969",27874821650
"AMD","ARROW MINERALS LTD","Materials","28/10/2005",62833605
"AMH","AMCIL LIMITED","Not Applic","10/02/2000",280853532
"AMI","AURELIA METALS LIMITED","Materials","08/05/2007",748410617
"AMK","ALMASAR MINERALS LIMITED","Materials","31/08/2026",29700000
"AMN","AGRIMIN LIMITED","Materials","09/10/2007",19106543
"AMO","AMBERTECH LIMITED","Technology Hardware & Equipment","10/12/2004",8586430
"AMP","AMP LIMITED","Financial Services","15/06/1998",6174082954
"AMS","ATOMOS LIMITED","Consumer Durables & Apparel","28/12/2018",20848309
"AMU","AMERICAN URANIUM LTD","Materials","10/08/2007",7685830
"AMX","AEROMETREX LIMITED","Commercial & Professional Services","10/12/2019",31346911
"AN1","ANAGENICS LIMITED","Pharmaceuticals, Biotechnology & Life Sciences","09/12/2005",5912705
"ANG","AUSTIN ENGINEERING LIMITED","Capital Goods","09/03/2004",99697740
"ANN","ANSELL LIMITED","Health Care Equipment & Services","22/08/1985",6312719257
"ANO","ADVANCE ZINCTEK LIMITED","Materials","24/02/2005",39174911
"ANR","ANATARA LIFESCIENCES LTD","Pharmaceuticals, Biotechnology & Life Sciences","16/10/2014",2846794
"ANT","ANTIMONY RESOURCES LIMITED","Materials","07/12/1994",15382395
"ANX","ANAX METALS LIMITED","Materials","15/06/2004",61025486
"ANZ","ANZ GROUP HOLDINGS LIMITED","Banks","30/09/1969",113549384122
"AOA","AUSMON RESOURCES LIMITED","Materials","31/03/2009",1426513
"AOK","AUSTRALIAN OIL COMPANY LIMITED.","Energy","11/10/2005",7293177
"AON","APOLLO MINERALS LIMITED","Materials","31/10/2007",80636981
"AOV","AMOTIV LIMITED","Automobiles & Components","30/06/1962",740190290
"APA","APA GROUP","Utilities","13/06/2000",14154490563
"APC","APC MINERALS LIMITED","Materials","20/12/2011",6607133
"APE","EAGERS AUTOMOTIVE LIMITED","Consumer Discretionary Distribution & Retail","17/04/1957",5094282663
"APL","ASSOCIATE GLOBAL PARTNERS LIMITED","Financial Services","30/09/2004",18106150
"APW","AIMS PROPERTY SECURITIES FUND","Equity Real Estate Investment Trusts (REITs)","17/12/2004",176295569
"APX","APPEN LIMITED","Software & Services","07/01/2015",326256232
"APZ","ASPEN GROUP","Equity Real Estate Investment Trusts (REITs)","11/04/1991",1017799937
"AQC","AUSTRALIAN PACIFIC COAL LIMITED","Materials","17/12/1999","--"
"AQD","AUSQUEST LIMITED","Materials","25/11/2003",70636272
"AQN","AQUIRIAN LIMITED","Commercial & Professional Services","27/07/2021",47223158
"AQX","ALICE QUEEN LIMITED","Materials","09/09/2004",16244097
"AQZ","ALLIANCE AVIATION SERVICES LIMITED","Transportation","20/12/2011",110267964
"AR1","AUSTRAL RESOURCES AUSTRALIA LTD","Materials","03/11/2021",188494817
"AR3","AUSTRALIAN RARE EARTHS LIMITED","Materials","01/07/2021",24660458
"AR9","ARCHTIS LIMITED","Software & Services","21/09/2018",39670485
"ARA","ARIADNE AUSTRALIA LIMITED","Commercial & Professional Services","12/10/1982",85855761
"ARB","ARB CORPORATION LIMITED.","Automobiles & Components","26/06/1987",1441463127
"ARC","ARC FUNDS LIMITED","Financial Services","14/04/2000",5130268
"ARD","ARGENT MINERALS LIMITED","Materials","03/04/2008",35754037
"ARF","ARENA REIT.","Equity Real Estate Investment Trusts (REITs)","13/06/2013",811241321
"ARG","ARGO INVESTMENTS LIMITED","Not Applic","31/03/1963",6862631070
"ARI","ARIKA RESOURCES LIMITED","Materials","21/12/2005",47787890
"ARL","ARDEA RESOURCES LIMITED","Materials","09/02/2017",87885642
"ARN","ALDORO RESOURCES LIMITED","Materials","13/09/2018",66514760
"ARO","ALTORO METALS LIMITED","Materials","20/08/1987",8801822
"ARR","AMERICAN RARE EARTHS LIMITED","Materials","17/02/2011",198086652
"ART","AIRTASKER LIMITED","Media & Entertainment","23/03/2021",93003576
"ARU","ARAFURA RARE EARTHS LTD","Materials","05/11/2003",1032526274
"ARV","ARTEMIS RESOURCES LIMITED","Materials","16/03/2007",17406195
"ARX","AROA BIOSURGERY LIMITED","Pharmaceuticals, Biotechnology & Life Sciences","24/07/2020",171221813
"AS1","ASARA RESOURCES LIMITED","Materials","13/08/1987",261668935
"AS2","ASKARI METALS LIMITED","Materials","07/07/2021",6926763
"ASB","AUSTAL LIMITED","Capital Goods","08/12/1998",1827581338
"ASG","AUTOSPORTS GROUP LIMITED.","Consumer Discretionary Distribution & Retail","16/11/2016",257174358
"ASH","ASHLEY SERVICES GROUP LIMITED","Commercial & Professional Services","21/08/2014",45315651
"ASL","ANDEAN SILVER LIMITED","Materials","30/09/2021",397081076
"ASN","ANSON RESOURCES LIMITED","Materials","08/07/2010",69815718
"ASP","ASPERMONT LIMITED.","Media & Entertainment","27/04/2000",14813424
"ASQ","AUSTRALIAN SILICA QUARTZ GROUP LTD","Materials","22/10/2007",7129126
"ASV","ASSET VISION CO LTD","Commercial & Professional Services","02/12/2013",34551132
"ASX","ASX LIMITED","Financial Services","14/10/1998",11606131152
"AT1","ATOMO DIAGNOSTICS LIMITED","Health Care Equipment & Services","16/04/2020",16243791
"AT4","AMERICAN TUNGSTEN & ANTIMONY LTD","Materials","03/10/2019",103805225
"ATA","ATTURRA LIMITED","Software & Services","22/12/2021",139874345
"ATC","ALTECH BATTERIES LTD","Materials","27/01/2010",4003584
"ATG","ARTICORE GROUP LIMITED","Consumer Discretionary Distribution & Retail","16/05/2016",111596505
"ATH","ALTERITY THERAPEUTICS LIMITED","Pharmaceuticals, Biotechnology & Life Sciences","28/03/2000",84785813
"ATM","PT ANTAM (PERSERO) TBK","Materials","09/08/1999",5384351385
"ATP","ATLAS PEARLS LTD","Consumer Durables & Apparel","31/12/1993",36879577
"ATR","ASTRON LIMITED","Materials","11/11/1983",232171053
"ATS","AUSTRALIS OIL & GAS LIMITED","Energy","25/07/2016",43296873
"ATT","ALTITUDE MINERALS LTD","Materials","15/09/2021",2052139
"ATV","ACTIVEPORT GROUP LTD","Software & Services","20/10/2021",13868815
"ATX","AMPLIA THERAPEUTICS LIMITED","Pharmaceuticals, Biotechnology & Life Sciences","23/12/2013",56464322
"AU1","THE AGENCY GROUP AUSTRALIA LTD","Real Estate Management & Development","18/12/2007",13187298
"AUA","AUDEARA LIMITED","Consumer Durables & Apparel","18/05/2021",4688673
"AUB","AUB GROUP LIMITED","Insurance","16/11/2005",3486795399
"AUC","AUSGOLD LIMITED","Materials","16/12/2009",717390006
"AUE","AURUM RESOURCES LIMITED","Materials","02/11/2021",258187101
"AUG","AUGUSTUS MINERALS LIMITED","Materials","25/05/2023",10754379
"AUI","AUSTRALIAN UNITED INVESTMENT COMPANY LIMITED","Not Applic","01/01/1974",2535547652
"AUQ","ALARA RESOURCES LIMITED","Materials","24/05/2007",69266249
"AUR","AURIS MINERALS LIMITED","Materials","15/03/2001",20586015
"AUV","AURAVELLE METALS LIMITED","Materials","23/08/1990",6929107
"AUZ","AUSTRALIAN MINES LIMITED","Materials","28/09/2001",66040136
"AV1","ADVERITAS LIMITED","Software & Services","18/12/2012",55599518
"AVA","AVA RISK GROUP LIMITED","Technology Hardware & Equipment","11/05/2015",11643963
"AVD","AVADA GROUP LIMITED","Commercial & Professional Services","17/12/2021",7644152
"AVE","AVECHO BIOTECHNOLOGY LIMITED","Pharmaceuticals, Biotechnology & Life Sciences","09/08/1993",73410792
"AVG","AUSTRALIAN VINTAGE LTD","Food, Beverage & Tobacco","26/03/1992",27015960
"AVH","AVITA MEDICAL INC.","Pharmaceuticals, Biotechnology & Life Sciences","24/06/2020",537976786
"AVL","AUSTRALIAN VANADIUM LIMITED","Materials","21/02/2007",85884727
"AVM","ADVANCE METALS LIMITED","Materials","20/12/2007",23780282
"AVR","ANTERIS TECHNOLOGIES GLOBAL CORP.","Health Care Equipment & Services","24/03/2004",1059753573
"AVW","AVIRA RESOURCES LTD","Materials","09/01/2013",3450000
"AW1","AMERICAN WEST METALS LIMITED","Materials","13/12/2021",41805382
"AWJ","AURIC MINING LIMITED","Materials","12/02/2021",41336592
"AX1","ACCENT GROUP LIMITED","Consumer Discretionary Distribution & Retail","07/07/2004",393776616
"AX8","ACCELERATE RESOURCES LIMITED","Materials","14/02/2018",7330944
"AXE","ARCHER MATERIALS LIMITED","Semiconductors & Semiconductor Equipment","14/08/2007",51174679
"AXI","AXTEC LIMITED","Real Estate Management & Development","31/01/1997",4364909
"AXL","AXEL REE LIMITED","Materials","23/07/2024",11261087
"AXN","ALLIANCE NICKEL LIMITED","Materials","21/08/1980",26564608
"AXP","AXP ENERGY LIMITED","Energy","20/07/2006",2248668
"AXQ","AURA CONSOLIDATED GROUP, INC.","Class Pend","09/07/2026",853536834
"AXR","AXIANT RESOURCES LIMITED","Materials","02/09/2026",9600000
"AYA","ARTRYA LIMITED","Health Care Equipment & Services","26/11/2021",531159259
"AYM","AUSTRALIA UNITED MINING LIMITED","Materials","19/09/2011",3685155
"AYT","AUSTIN METALS LIMITED","Materials","06/07/2011",4384383
"AZ9","AZZURO RESOURCES PLC","Materials","29/09/2017",10668715
"AZI","ALTAMIN LIMITED","Materials","24/12/2009",21470582
"AZJ","AURIZON HOLDINGS LIMITED","Transportation","22/11/2010",6211403874
"AZY","ANTIPA MINERALS LIMITED","Materials","20/04/2011",354593472
"B4P","BEFOREPAY GROUP LIMITED","Financial Services","17/01/2022",80001633
"BAK","BARKLY RARE EARTHS LIMITED","Materials","30/01/2026",19500000
"BAP","BAPCOR LIMITED","Consumer Discretionary Distribution & Retail","24/04/2014",544929993
"BAS","BASS OIL LIMITED","Energy","30/09/2004",22387363
"BB1","BLINKLAB LIMITED","Health Care Equipment & Services","04/04/2024",116374747
"BBC","BNK BANKING CORPORATION LIMITED","Banks","22/05/2012",30882808
"BBL","BRISBANE BRONCOS LIMITED","Media & Entertainment","12/05/1989",149511964
"BBN","BABY BUNTING GROUP LIMITED","Consumer Discretionary Distribution & Retail","14/10/2015",147107191
"BBT","BETR ENTERTAINMENT LIMITED","Consumer Services","02/07/2021",183667053
"BC8","BLACK CAT SYNDICATE LIMITED","Materials","30/01/2018",532155180
"BCA","BLACK CANYON LIMITED","Materials","05/05/2021",56787147
"BCC","BEAM COMMUNICATIONS HOLDINGS LIMITED","Technology Hardware & Equipment","06/11/1986",3370455
"BCI","BCI MINERALS LIMITED","Materials","15/12/2006",1764059384
"BCK","BROCKMAN MINING LIMITED","Materials","11/01/2011",102082553
"BCM","BRAZILIAN CRITICAL MINERALS LIMITED","Materials","12/08/2005",143570236
"BCN","BEACON MINERALS LIMITED","Materials","20/10/2006",351393770
"BDM","BURGUNDY DIAMOND MINES LIMITED","Materials","04/01/2013","--"
"BDX","BCAL DIAGNOSTICS LIMITED","Pharmaceuticals, Biotechnology & Life Sciences","21/07/2021",33550179
"BEL","BENTLEY CAPITAL LIMITED","Not Applic","07/11/1986",837407
"BEN","BENDIGO AND ADELAIDE BANK LIMITED","Banks","19/12/1985",5959896160
"BEO","BEONIC LTD","Software & Services","17/12/1999",10586455
"BET","BETMAKERS TECHNOLOGY GROUP LTD","Consumer Services","11/12/2015",240860689
"BEZ","BESRA GOLD INC.","Materials","08/10/2021",26758458
"BFG","BELL FINANCIAL GROUP LIMITED","Financial Services","12/12/2007",458663846
"BFL","BSP FINANCIAL GROUP LIMITED","Banks","25/05/2021",3714398833
"BGA","BEGA CHEESE LIMITED","Food, Beverage & Tobacco","19/08/2011",1917513427
"BGD","BARTON GOLD HOLDINGS LIMITED","Materials","28/06/2021",268325906
"BGE","BRIDGE SAAS LIMITED","Software & Services","06/10/2022",1598874
"BGL","BELLEVUE GOLD LIMITED","Materials","20/12/2005",2296913671
"BGP","BRISCOE GROUP AUSTRALASIA LIMITED","Consumer Discretionary Distribution & Retail","20/07/2017",768625541
"BGT","BIO-GENE TECHNOLOGY LTD","Materials","29/11/2017",7008978
"BH6","BROKEN HILL GOLD LTD","Materials","08/07/2021",69678957
"BHD","BENJAMIN HORNIGOLD LIMITED","Not Applic","12/05/2017",6280363
"BHL","BLACK HORSE MINING LIMITED","Materials","02/12/2025",11960069
"BHM","BROKEN HILL MINES LIMITED","Materials","28/07/2022",170456485
"BHP","BHP GROUP LIMITED","Materials","13/08/1885",314660049355
"BIM","BINDI METALS LIMITED","Materials","28/06/2022",6446596
"BIO","BIOME AUSTRALIA LIMITED","Household & Personal Products","30/11/2021",93719798
"BIS","BISALLOY STEEL GROUP LIMITED","Materials","23/06/2003",180681655
"BIT","BIOTRON LIMITED","Pharmaceuticals, Biotechnology & Life Sciences","24/01/2001",2785205
"BKB","BLACK BEAR MINERALS LIMITED","Materials","12/09/2023",80156484
"BKI","BKI INVESTMENT COMPANY LIMITED","Not Applic","12/12/2003",1432663256
"BKT","BLACK ROCK MINING LIMITED","Materials","10/12/2003",23630574
"BKY","BERKELEY ENERGIA LIMITED","Energy","16/09/2003",220915106
"BLG","BLUGLASS LIMITED","Semiconductors & Semiconductor Equipment","22/09/2006",42356948
"BLS","BLS PHARMACEUTICALS LIMITED","Household & Personal Products","14/12/2000",224033003
"BLU","BLUE ENERGY LIMITED.","Energy","13/10/1994",15059868
"BLX","BEACON LIGHTING GROUP LIMITED","Consumer Discretionary Distribution & Retail","15/04/2014",412815863
"BLZ","BLAZE MINERALS LIMITED","Energy","12/09/1996",3306250
"BM1","BALLARD MINING LIMITED","Materials","14/07/2025",343328099
"BM8","BATTERY AGE MINERALS LTD","Materials","04/11/2020",8859102
"BMC","BMC MINERALS LTD.","Materials","12/12/2025",766245028
"BMH","BAUMART HOLDINGS LIMITED","Capital Goods","19/06/2015",2061635
"BML","BOAB METALS LIMITED","Materials","15/07/2004",222764270
"BMM","BAYAN MINING AND MINERALS LIMITED","Materials","14/07/2021",8150403
"BMN","BANNERMAN ENERGY LTD","Energy","28/04/2005",785950380
"BMR","BALLYMORE RESOURCES LIMITED","Materials","03/09/2021",31213261
"BMT","BEAMTREE HOLDINGS LIMITED","Health Care Equipment & Services","06/06/2019",29534259
"BNL","BLUE STAR HELIUM LIMITED","Energy","24/11/1994",24611660
"BNR","BULLETIN RESOURCES LIMITED","Materials","20/12/2010",8221173
"BNZ","BENZ MINING CORP.","Materials","23/12/2020",1758859901
"BOA","BOA RESOURCES LTD","Materials","11/10/2012",47952671
"BOC","BOUGAINVILLE COPPER LIMITED","Materials","31/12/1970","--"
"BOE","BOSS ENERGY LTD","Energy","25/07/2007",620722502
"BOL","BOOM LOGISTICS LIMITED","Capital Goods","14/10/2003",88404333
"BOQ","BANK OF QUEENSLAND LIMITED.","Banks","24/08/1971",4261967513
"BOT","BOTANIX PHARMACEUTICALS LTD","Pharmaceuticals, Biotechnology & Life Sciences","24/01/1985",46946284
"BPG","BLACK PEARL GROUP LIMITED","Software & Services","25/11/2025",19176492
"BPH","BPH ENERGY LTD","Financial Services","06/08/2004",4061547
"BPM","BPM MINERALS LIMITED","Materials","30/12/2020",28020602
"BPP","BABYLON PUMP & POWER LIMITED","Capital Goods","13/12/1996",14612051
"BPT","BEACH ENERGY LIMITED","Energy","30/06/1972",1927726939
"BRE","BRAZILIAN RARE EARTHS LIMITED","Materials","21/12/2023",952730320
"BRG","BREVILLE GROUP LIMITED","Consumer Durables & Apparel","25/05/1999",4443274096
"BRI","BIG RIVER INDUSTRIES LIMITED","Materials","01/05/2017",116796389
"BRK","BROOKSIDE ENERGY LIMITED","Energy","31/10/2005",37367000
"BRL","BATHURST RESOURCES LIMITED.","Materials","21/06/2013",106823576
"BRN","BRAINCHIP HOLDINGS LTD","Software & Services","09/11/2011",295872435
"BRU","BURU ENERGY LIMITED","Energy","01/09/2008",17662586
"BRY","BARYS RESOURCES LIMITED","Materials","01/07/2011",2376305
"BRYN","BARYS RESOURCES LIMITED","Materials","01/07/2011","--"
"BSA","BSA LIMITED","Commercial & Professional Services","15/11/1999",19578068
"BSL","BLUESCOPE STEEL LIMITED","Materials","15/07/2002",13505927198
"BSN","BASIN ENERGY LIMITED","Energy","04/10/2022",5882725
"BSR","BISON RESOURCES LIMITED","Materials","16/04/2026",27162500
"BST","BORESIGHT LTD","Capital Goods","10/06/2026",59571493
"BSX","BLACKSTONE MINERALS LIMITED","Materials","23/01/2017",61979755
"BTC","BTC HEALTH LTD","Not Applic","29/08/2000",20374904
"BTE","BOTALA ENERGY LTD","Energy","14/07/2022",23801362
"BTI","BAILADOR TECHNOLOGY INVESTMENTS LIMITED","Financial Services","21/11/2014",128794899
"BTL","BEETALOO ENERGY AUSTRALIA LIMITED","Energy","30/08/1984",399628105
"BTM","BREAKTHROUGH MINERALS LIMITED","Energy","04/07/2007",22413287
"BTN","BUTN LIMITED","Financial Services","06/07/2021",3435452
"BTR","BRIGHTSTAR RESOURCES LIMITED","Materials","05/12/2003",764573077
"BUB","BUBS AUSTRALIA LIMITED","Food, Beverage & Tobacco","05/10/1993",88518874
"BUR","BURLEY MINERALS LTD","Materials","07/07/2021",8217031
"BUS","BUBALUS RESOURCES LIMITED","Materials","13/10/2022",5660929
"BUX","BUXTON RESOURCES LIMITED","Materials","23/10/2007",15861887
"BUY","BOUNTY OIL & GAS NL","Energy","05/02/2002",10663095
"BVR","BELLAVISTA RESOURCES LTD","Materials","25/05/2022",77750720
"BVS","BRAVURA SOLUTIONS LIMITED.","Software & Services","16/11/2016",1376280923
"BWF","BLACKWALL LIMITED","Financial Services","21/10/2011",16234131
"BWN","BHAGWAN MARINE LIMITED","Transportation","30/07/2024",133308240
"BWP","BWP GROUP","Equity Real Estate Investment Trusts (REITs)","16/09/1998",2694082215
"BXB","BRAMBLES LIMITED","Commercial & Professional Services","27/11/2006",25554577449
"C29","C29 METALS LIMITED","Materials","03/11/2021",6047603
"C79","CHRYSOS CORPORATION LIMITED","Commercial & Professional Services","06/05/2022",821805931
"C7A","CLARA RESOURCES AUSTRALIA LTD","Materials","21/10/2010",7512534
"CAA","CAPRAL LIMITED","Materials","20/11/1986",186001593
"CAE","CANNINDAH RESOURCES LIMITED","Materials","20/05/2005",38655444
"CAF","CENTREPOINT ALLIANCE LIMITED","Financial Services","25/06/2002",81979323
"CAM","CLIME CAPITAL LIMITED","Not Applic","03/02/2004","--"
"CAN","CANN GROUP LIMITED","Pharmaceuticals, Biotechnology & Life Sciences","04/05/2017",9963562
"CAQ","CAQ HOLDINGS LIMITED","Real Estate Management & Development","25/07/2005","--"
"CAR","CAR GROUP LIMITED","Media & Entertainment","10/09/2009",8366081675
"CAT","CATAPULT SPORTS LTD","Software & Services","19/12/2014",1045879008
"CAV","CARNAVALE RESOURCES LIMITED","Materials","15/03/2007",33869441
"CAY","CANYON RESOURCES LIMITED","Materials","15/06/2010",94857293
"CAZ","CAZALY RESOURCES LIMITED","Materials","31/10/2003",11780616
"CBA","COMMONWEALTH BANK OF AUSTRALIA.","Banks","12/09/1991",253060977777
"CBE","COBRE LIMITED","Materials","31/01/2020",427226185
"CBL","CONTROL BIONICS LIMITED","Health Care Equipment & Services","07/12/2020",32585323
"CBO","COBRAM ESTATE OLIVES LIMITED","Food, Beverage & Tobacco","11/08/2021",1354979071
"CBY","CANTERBURY RESOURCES LIMITED","Materials","07/03/2019",12027021
"CC5","CLEVER CULTURE SYSTEMS LIMITED","Health Care Equipment & Services","31/07/2006",40371721
"CC9","CHARIOT RESOURCES LTD","Materials","27/10/2023",11209132
"CCA","CHANGE FINANCIAL LIMITED","Financial Services","30/06/2016",28308574
"CCE","CARNEGIE CLEAN ENERGY LIMITED","Utilities","26/10/1993",83324107
"CCG","COMMS GROUP LTD","Telecommunication Services","21/12/2017",48547442
"CCL","CUSCAL LIMITED","Financial Services","25/11/2024",1288791393
"CCM","CADOUX LIMITED","Materials","20/01/1994",11789606
"CCO","THE CALMER CO INTERNATIONAL LIMITED","Household & Personal Products","20/12/2018",5339063
"CCP","CREDIT CORP GROUP LIMITED","Financial Services","04/09/2000",967230024
"CCR","CREDIT CLEAR LIMITED","Software & Services","27/10/2020",72972968
"CCV","CASH CONVERTERS INTERNATIONAL","Financial Services","07/02/1997",184995963
"CCX","CITY CHIC COLLECTIVE LIMITED","Consumer Discretionary Distribution & Retail","28/05/1998",17332101
"CD1","CD PRIVATE EQUITY FUND I","Not Applic","14/08/2012",9868819
"CD2","CD PRIVATE EQUITY FUND II","Not Applic","09/04/2013",14169353
"CD3","CD PRIVATE EQUITY FUND III","Not Applic","27/07/2016",56902452
"CDA","CODAN LIMITED","Technology Hardware & Equipment","27/11/2003",12490880083
"CDE","CODEIFAI LIMITED","Commercial & Professional Services","07/03/2005",5997793
"CDM","CADENCE CAPITAL LIMITED","Not Applic","05/12/2006",227029209
"CDO","CADENCE OPPORTUNITIES FUND LIMITED.","Not Applic","19/11/2021",40846480
"CDP","CARINDALE PROPERTY TRUST","Equity Real Estate Investment Trusts (REITs)","28/11/1996",448435694
"CDR","CODRUS MINERALS LIMITED","Materials","23/06/2021",24153047
"CDT","CASTLE MINERALS LIMITED","Materials","02/05/2006",17227643
"CEH","COAST ENTERTAINMENT HOLDINGS LIMITED","Consumer Services","30/11/2018",182624081
"CEL","CHALLENGER GOLD LIMITED","Materials","07/11/2007",292615718
"CEN","CONTACT ENERGY LIMITED","Utilities","24/09/2015",7405089086
"CF1","COMPLII FINTECH SOLUTIONS LTD","Software & Services","18/12/2001",15302776
"CG1","CARBONXT GROUP LIMITED","Materials","23/01/2018",31199787
"CGF","CHALLENGER LIMITED","Financial Services","23/12/2003",6680272946
"CGO","CPT GLOBAL LIMITED","Software & Services","08/09/2000","--"
"CGR","CGN RESOURCES LIMITED","Materials","18/10/2023",6680045
"CGS","COGSTATE LTD","Health Care Equipment & Services","13/02/2004",574443317
"CHC","CHARTER HALL GROUP","Equity Real Estate Investment Trusts (REITs)","10/06/2005",8556519330
"CHI","CHANNEL INFRASTRUCTURE NZ LIMITED","Energy","19/12/2025","--"
"CHL","CAMPLIFY HOLDINGS LIMITED","Transportation","28/06/2021",30423398
"CHM","CHIMERIC THERAPEUTICS LIMITED","Pharmaceuticals, Biotechnology & Life Sciences","18/01/2021","--"
"CHN","CHALICE MINING LIMITED","Materials","24/03/2006",425277168
"CHR","CHARGER METALS NL","Materials","09/07/2021",6562393
"CHRCB","CHARGER METALS NL","Materials","09/07/2021",6562393
"CHW","CHILWA MINERALS LTD","Materials","05/07/2023",94873044
"CIA","CHAMPION IRON LIMITED","Materials","08/06/2007",1702542643
"CIN","CARLTON INVESTMENTS LIMITED","Not Applic","30/06/1970",899571548
"CIP","CENTURIA INDUSTRIAL REIT","Equity Real Estate Investment Trusts (REITs)","13/12/2012",1679603911
"CIW","CLIME INVESTMENT MANAGEMENT LTD","Financial Services","15/12/2000","--"
"CKA","COKAL LIMITED","Materials","17/04/2000",45315857
"CKF","COLLINS FOODS LIMITED","Consumer Services","04/08/2011",935681443
"CLA","CELSIUS RESOURCES LIMITED.","Materials","24/03/1988",14898656
"CLG","CLOSE THE LOOP LTD.","Commercial & Professional Services","02/12/2021",24358135
"CLU","CLUEY LTD","Consumer Services","09/12/2020","--"
"CLV","CLOVER CORPORATION LIMITED","Materials","30/11/1999",166164344
"CLW","CHARTER HALL LONG WALE REIT","Equity Real Estate Investment Trusts (REITs)","08/11/2016",2253751600
"CLX","CTI LOGISTICS LIMITED","Transportation","02/12/1987",237842328
"CMA","CARMA LIMITED","Consumer Discretionary Distribution & Retail","05/11/2025",104437114
"CMB","CAMBIUM BIO LIMITED","Pharmaceuticals, Biotechnology & Life Sciences","19/09/2013",15893236
"CMD","CASSIUS MINING LIMITED","Materials","10/08/2006",15499204
"CMG","CRITICAL MINERALS GROUP LIMITED","Materials","27/09/2022",7567376
"CML","CONNECTED MINERALS LIMITED","Technology Hardware & Equipment","16/08/1984",55195440
"CMM","CAPRICORN METALS LTD","Materials","07/07/2008",6560006298
"CMO","COSMO METALS LIMITED","Materials","31/01/2022",3156208
"CMP","COMPUMEDICS LIMITED","Health Care Equipment & Services","21/12/2000",51938056
"CMW","CROMWELL PROPERTY GROUP","Equity Real Estate Investment Trusts (REITs)","22/02/1973",851131677
"CMX","CHEMX MATERIALS LIMITED","Materials","18/01/2022","--"
"CNB","CARNABY RESOURCES LIMITED","Materials","30/08/2016",240224282
"CND","CONDOR ENERGY LIMITED","Energy","25/05/2005",16412698
"CNI","CENTURIA CAPITAL GROUP","Equity Real Estate Investment Trusts (REITs)","26/03/2002",1158987536
"CNJ","CONICO LTD","Materials","18/06/2007",5867883
"CNQ","CLEAN TEQ WATER LIMITED","Commercial & Professional Services","02/07/2021",60411394
"CNU","CHORUS LIMITED","Telecommunication Services","21/11/2011",2911383743
"COB","COBALT BLUE HOLDINGS LIMITED","Materials","02/02/2017",36422819
"COD","CODA MINERALS LTD","Materials","28/10/2020",44786612
"COF","CENTURIA OFFICE REIT","Equity Real Estate Investment Trusts (REITs)","10/12/2014",483842914
"COG","COG FINANCIAL SERVICES LIMITED","Financial Services","28/01/2003",391356050
"COH","COCHLEAR LIMITED","Health Care Equipment & Services","04/12/1995",8545022495
"COI","COMET RIDGE LIMITED","Energy","16/04/2004",134320722
"COL","COLES GROUP LIMITED.","Consumer Staples Distribution & Retail","21/11/2018",30913202440
"COS","COSOL LIMITED","Software & Services","24/01/2020",35487815
"COV","CLEO DIAGNOSTICS LTD","Pharmaceuticals, Biotechnology & Life Sciences","22/08/2023",49834311
"COY","COPPERMOLY LIMITED","Materials","31/01/2008",4413287
"CP8","CANADIAN PHOSPHATE LIMITED","Materials","02/09/2013",55233964
"CPM","COOPER METALS LIMITED","Materials","19/11/2021",10924483
"CPN","CASPIN RESOURCES LIMITED","Materials","25/11/2020",40155725
"CPO","CULPEO MINERALS LIMITED","Materials","10/09/2021",13558208
"CPU","COMPUTERSHARE LIMITED.","Commercial & Professional Services","27/05/1994",23048724740
"CPV","CLEARVUE TECHNOLOGIES LIMITED","Capital Goods","25/05/2018",22932353
"CQE","CHARTER HALL SOCIAL INFRASTRUCTURE REIT","Equity Real Estate Investment Trusts (REITs)","22/05/2003",809017090
"CQR","CHARTER HALL RETAIL REIT","Equity Real Estate Investment Trusts (REITs)","15/11/1995",1941306894
"CQT","CONNEQT HEALTH LIMITED","Health Care Equipment & Services","09/11/2005",15246115
"CR1","CONSTELLATION RESOURCES LIMITED","Materials","30/07/2018",14471001
"CR3","CORE ENERGY MINERALS LTD","Materials","17/12/1998",5402326
"CRB","CARBINE RESOURCES LIMITED","Materials","16/03/2007",9534926
"CRD","CONRAD ASIA ENERGY LTD.","Energy","27/10/2022",125513608
"CRI","CRITICA LIMITED","Materials","22/09/2006","--"
"CRN","CORONADO GLOBAL RESOURCES INC.","Materials","23/10/2018",284997134
"CRR","CRITICAL RESOURCES LIMITED","Materials","03/12/2010",24067998
"CRS","CAPRICE RESOURCES LTD","Materials","05/12/2018",62743955
"CSC","CAPSTONE COPPER CORP.","Materials","02/02/2024",14134459923
"CSL","CSL LIMITED","Pharmaceuticals, Biotechnology & Life Sciences","08/06/1994",84934717655
"CST","CASTILE RESOURCES LTD","Materials","14/02/2020",27979137
"CSX","CLEANSPACE HOLDINGS LIMITED","Health Care Equipment & Services","23/10/2020",38897079
"CT1","CONSTELLATION TECHNOLOGIES LIMITED","Technology Hardware & Equipment","08/10/1987",3718084
"CTD","CORPORATE TRAVEL MANAGEMENT LIMITED","Consumer Services","15/12/2010",340938988
"CTE","CRYOSITE LIMITED","Pharmaceuticals, Biotechnology & Life Sciences","09/05/2002",56130997
"CTM","CENTAURUS METALS LIMITED","Materials","12/01/1989",264237020
"CTN","CATALINA RESOURCES LTD","Materials","18/02/2010",14032577
"CTO","CITIGOLD CORPORATION LIMITED","Materials","23/12/1993",55200000
"CTP","CENTRAL PETROLEUM LIMITED","Energy","07/03/2006",45918601
"CTQ","CARETEQ LIMITED","Health Care Equipment & Services","10/01/2022",10996781
"CTS","CERETAS LIMITED","Health Care Equipment & Services","23/07/2026",64594375
"CTT","CETTIRE LIMITED","Consumer Discretionary Distribution & Retail","18/12/2020",108652893
"CU6","CLARITY PHARMACEUTICALS LTD","Pharmaceuticals, Biotechnology & Life Sciences","25/08/2021",779739771
"CUE","CUE ENERGY RESOURCES LIMITED","Energy","11/12/1995",73832928
"CUF","CUFE LTD","Materials","13/10/2005",107827671
"CUL","CULLEN RESOURCES LIMITED","Materials","23/11/1988",4160411
"CUP","COUNT LIMITED","Commercial & Professional Services","22/12/2010",288172382
"CUV","CLINUVEL PHARMACEUTICALS LIMITED","Pharmaceuticals, Biotechnology & Life Sciences","13/02/2001",411491648
"CVB","CURVEBEAM AI LIMITED","Health Care Equipment & Services","23/08/2023",20517689
"CVC","CVC LIMITED","Financial Services","27/06/1985",197698539
"CVL","CIVMEC LIMITED","Capital Goods","22/06/2018",870304974
"CVN","CARNARVON ENERGY LIMITED","Energy","16/08/1984",178908688
"CVR","CAVALIER RESOURCES LIMITED","Materials","17/06/2022",18737863
"CVV","CARAVEL MINERALS LIMITED","Materials","03/11/2006",136896827
"CWP","CEDAR WOODS PROPERTIES LIMITED","Real Estate Management & Development","31/08/1994",515447915
"CWY","CLEANAWAY WASTE MANAGEMENT LIMITED","Commercial & Professional Services","03/05/2005",5963432885
"CXL","CALIX LIMITED","Materials","20/07/2018",48605523
"CXO","CORE LITHIUM LTD","Materials","11/02/2011",954856491
"CXU","CAULDRON ENERGY LIMITED","Energy","28/01/2005",138514438
"CXZ","CONNEXION MOBILITY LTD","Software & Services","01/01/1974",14842269
"CY5","CYGNUS METALS LIMITED","Materials","15/01/2018",209857244
"CYB","AUCYBER LIMITED","Software & Services","14/12/2020",10728849
"CYC","CYCLOPHARM LIMITED","Health Care Equipment & Services","18/01/2007",55951695
"CYG","COVENTRY GROUP LIMITED","Capital Goods","27/01/1966",58407661
"CYL","CATALYST METALS LIMITED","Materials","26/07/2006",1471273115
"CYM","CYPRIUM METALS LIMITED","Materials","26/04/1985",260135879
"CYP","CYNATA THERAPEUTICS LIMITED","Pharmaceuticals, Biotechnology & Life Sciences","20/12/2007",2677998
"CYQ","CYCLIQ GROUP LTD","Consumer Durables & Apparel","21/11/2007",2383174
"CYV","CERYVYN THERAPEUTICS LIMITED","Pharmaceuticals, Biotechnology & Life Sciences","18/04/1991",16415738
"CZN","CORAZON MINING LIMITED","Materials","30/06/2005",25097118
"CZR","CZR RESOURCES LTD","Materials","29/08/2006",47277338
"D3E","D3 ENERGY LIMITED","Energy","13/05/2024",37204771
"DAF","DISCOVERY ALASKA LIMITED","Materials","22/09/2011",3444281
"DAI","DECIDR AI INDUSTRIES LTD","Food, Beverage & Tobacco","14/12/2020",102220502
"DAL","DALAROO METALS LTD","Materials","28/09/2021",29184991
"DBF","DUXTON FARMS LTD","Food, Beverage & Tobacco","08/02/2018",37495356
"DBI","DALRYMPLE BAY INFRASTRUCTURE LIMITED","Transportation","08/12/2020",2642409685
"DBO","DIABLO RESOURCES LIMITED","Materials","12/10/2021",7575022
"DCC","DIGITALX LIMITED","Software & Services","06/02/1989",42423836
"DDR","DICKER DATA LIMITED","Technology Hardware & Equipment","24/01/2011",2827269373
"DDT","DATADOT TECHNOLOGY LIMITED","Automobiles & Components","12/01/2005",5487543
"DEL","DELOREAN CORPORATION LIMITED","Utilities","12/04/2021",20999959
"DEM","DE.MEM LIMITED","Utilities","07/04/2017",37636621
"DES","DESOTO RESOURCES LIMITED","Materials","16/12/2022",33214269
"DEV","DEVEX RESOURCES LIMITED","Energy","03/10/2000",117204520
"DGH","DESANE GROUP HOLDINGS LIMITED","Real Estate Management & Development","04/09/1987",30273393
"DGL","DGL GROUP LIMITED","Materials","24/05/2021",81289199
"DGR","DGR GLOBAL LIMITED","Materials","21/08/2003",33398271
"DGT","DIGICO INFRASTRUCTURE REIT","Class Pend","13/12/2024",1369706763
"DJW","DJERRIWARRH INVESTMENTS LIMITED","Not Applic","28/06/1995",753242670
"DKM","DUKETON MINING LIMITED","Materials","04/08/2014",13722517
"DLI","DELTA LITHIUM LIMITED","Materials","03/11/2017",118760871
"DLY","DALY RESOURCES LIMITED","Materials","23/06/2026",11830000
"DM1","DESERT METALS LIMITED","Materials","18/12/2020",4013273
"DME","DOME GOLD MINES LIMITED","Materials","22/10/2013","--"
"DMP","DOMINO'S PIZZA ENTERPRISES LIMITED","Consumer Services","16/05/2005",1894937320
"DN1","DOMINION INCOME TRUST 1","Not Applic","04/03/2025",334788000
"DNL","DYNO NOBEL LIMITED.","Materials","28/07/2003",7057936152
"DOC","DOCTOR CARE ANYWHERE GROUP PLC","Health Care Equipment & Services","04/12/2020",47731440
"DOW","DOWNER EDI LIMITED","Commercial & Professional Services","20/12/1990",4393489025
"DPM","DPM METALS INC.","Materials","18/09/2025",12740745578
"DRE","DREADNOUGHT RESOURCES LTD","Materials","31/10/2006",68702400
"DRO","DRONESHIELD LIMITED","Capital Goods","22/06/2016",1670238202
"DRR","DETERRA ROYALTIES LIMITED","Materials","23/10/2020",2127073836
"DRX","DIATREME RESOURCES LIMITED","Materials","22/06/2005",70115946
"DSK","DUSK GROUP LIMITED","Consumer Discretionary Distribution & Retail","02/11/2020",44210184
"DSM","DESERT MINERALS LTD","Materials","21/10/2025",19996676
"DTL","DATA#3 LIMITED","Software & Services","23/12/1997",2127562618
"DTM","DART MINING NL","Materials","10/05/2007",3676454
"DTR","DATELINE RESOURCES LIMITED","Materials","23/06/2011",421505215
"DTZ","DOTZ NANO LIMITED","Technology Hardware & Equipment","13/12/2007",18843509
"DUB","DUBBER CORPORATION LIMITED","Software & Services","30/06/2000",24405998
"DUG","DUG TECHNOLOGY LTD","Software & Services","12/08/2020",213059554
"DUN","DUNDAS MINERALS LIMITED","Materials","10/11/2021",11751259
"DUR","DURATEC LIMITED","Capital Goods","04/11/2020",607171287
"DVL","DORSAVI LTD","Pharmaceuticals, Biotechnology & Life Sciences","11/12/2013",30875712
"DVP","DEVELOP GLOBAL LIMITED","Materials","27/04/2007",1445336381
"DWG","DATAWORKS GROUP LIMITED","Software & Services","15/11/2017",16006791
"DXB","DIMERIX LIMITED","Pharmaceuticals, Biotechnology & Life Sciences","04/02/1993",141093242
"DXC","DEXUS CONVENIENCE RETAIL REIT","Equity Real Estate Investment Trusts (REITs)","27/07/2017",351587426
"DXI","DEXUS INDUSTRIA REIT.","Equity Real Estate Investment Trusts (REITs)","03/12/2013",684588486
"DXN","DXN LIMITED","Software & Services","11/04/2018",183938258
"DXS","DEXUS","Equity Real Estate Investment Trusts (REITs)","06/10/2004",5829506679
"DYL","DEEP YELLOW LIMITED","Energy","19/12/1985",1066798484
"DYM","DYNAMIC METALS LIMITED","Materials","16/01/2023",29387084
"E25","ELEMENT 25 LIMITED","Materials","09/11/2006",78228760
"E79","E79 GOLD MINES LIMITED","Materials","07/10/2021",9899559
"EAU","EAU LITHIUM LTD","Materials","01/12/2021",30241649
"EAX","ENERGY ACTION LIMITED","Commercial & Professional Services","13/10/2011",14302676
"EBO","EBOS GROUP LIMITED","Health Care Equipment & Services","06/12/2013",3127449605
"EBR","EBR SYSTEMS INC.","Health Care Equipment & Services","24/11/2021",211352715
"ECH","ECHELON RESOURCES LIMITED","Energy","25/09/2020",78382793
"ECL","EXCELSIOR CAPITAL LTD","Capital Goods","22/04/1993","--"
"ECP","ECP EMERGING GROWTH LIMITED","Not Applic","14/08/2014",11429538
"ECS","ECS BOTANICS HOLDINGS LTD","Pharmaceuticals, Biotechnology & Life Sciences","13/03/1986",9636297
"ECT","ENVIRONMENTAL CLEAN TECHNOLOGIES LIMITED.","Commercial & Professional Services","05/02/1986",49340394
"EDE","EDEN INNOVATIONS LTD","Energy","06/06/2006",34121504
"EDU","EDU HOLDINGS LIMITED","Consumer Services","25/06/2004",128905320
"EDV","ENDEAVOUR GROUP LIMITED","Consumer Staples Distribution & Retail","24/06/2021",5315347992
"EE1","EARTHS ENERGY LIMITED","Materials","16/09/2011","--"
"EF2","ENERGY FUELS INC.","Class Pend","20/08/2026",4048600202
"EFE","EASTERN RESOURCES LIMITED","Materials","16/05/2008",3630484
"EFR","EVERFLOW RESOURCES LTD","Materials","31/07/2007","--"
"EG1","EVERGOLD MINERALS LIMITED","Materials","11/04/2023",10047443
"EGA","EASTERN GAS CORPORATION LIMITED","Energy","26/02/2026",15300000
"EGG","ENERO GROUP LIMITED","Media & Entertainment","30/04/2004",20869078
"EGH","EUREKA GROUP HOLDINGS LIMITED","Real Estate Management & Development","01/07/2004",345315633
"EGL","ENVIRONMENTAL GROUP LIMITED (THE)","Capital Goods","12/02/1981",27395841
"EGR","ECOGRAF LIMITED","Materials","29/10/2010",138489833
"EGY","ENERGY TECHNOLOGIES LIMITED","Capital Goods","22/10/1992",12493981
"EHL","EMECO HOLDINGS LIMITED","Capital Goods","28/07/2006",632417204
"EIQ","ECHOIQ LIMITED","Software & Services","17/12/2010",411185502
"EL8","ELEVATE URANIUM LTD","Energy","23/10/1985",106105651
"ELD","ELDERS LIMITED","Food, Beverage & Tobacco","30/06/1981",1337626672
"ELK","ELK RANGE MINING LIMITED","Materials","10/08/2026",20176718
"ELS","ELSIGHT LIMITED","Technology Hardware & Equipment","08/06/2017",1175331432
"ELT","ELEMENTOS LIMITED","Materials","23/12/2009",201620933
"ELV","ELEVRA LITHIUM LIMITED","Materials","30/03/2004",1034105435
"EM2","EAGLE MOUNTAIN MINING LIMITED","Materials","16/03/2018",9232558
"EM3","EMC GOLD CORPORATION","Materials","29/08/2018",45299052
"EMA","EMINENCE MINERALS LIMITED","Materials","13/10/2021",8059894
"EMB","EMBELTON LIMITED","Capital Goods","01/01/1974",17802320
"EMC","EVEREST METALS CORPORATION LTD","Materials","18/10/2006",29777772
"EMD","EMYRIA LIMITED","Health Care Equipment & Services","12/02/2020",35494185
"EME","ENERGY METALS LTD","Energy","09/09/2005",18242448
"EMH","EUROPEAN METALS HOLDINGS LIMITED","Materials","19/07/2012",41618273
"EML","EML PAYMENTS LIMITED","Financial Services","18/01/2006",86077749
"EMN","EURO MANGANESE INC","Materials","02/10/2018",11436360
"EMP","EMPEROR ENERGY LIMITED","Energy","05/06/1987",111239544
"EMR","EMERALD RESOURCES NL","Materials","22/07/1994",4536013654
"EMT","EMETALS LIMITED","Materials","26/10/2010",4095005
"EMU","EMU NL","Materials","27/02/2008",10542939
"EMUCA","EMU NL","Materials","27/02/2008","--"
"EMV","EMVISION MEDICAL DEVICES LTD","Health Care Equipment & Services","13/12/2018",150588009
"ENL","ENLITIC INC.","Health Care Equipment & Services","19/12/2023",26891540
"ENP","ENTROPY NEURODYNAMICS LIMITED","Pharmaceuticals, Biotechnology & Life Sciences","18/12/2018",65343750
"ENR","ENCOUNTER RESOURCES LIMITED","Materials","24/03/2006",165337089
"ENT","ENTERPRISE METALS LIMITED","Materials","20/06/2007",5752285
"ENV","ENOVA MINING LIMITED","Materials","13/04/2007",4555218
"EOL","ENERGY ONE LIMITED","Software & Services","15/01/2007",485731166
"EOS","ELECTRO OPTIC SYSTEMS HOLDINGS LIMITED","Capital Goods","23/10/2000",2647123814
"EPI","EPIMINDER LIMITED","Health Care Equipment & Services","01/12/2025",57417988
"EPM","ECLIPSE METALS LIMITED.","Energy","17/02/2011",39501628
"EPN","EPSILON HEALTHCARE LIMITED","Pharmaceuticals, Biotechnology & Life Sciences","04/05/2017",10116704
"EPX","EPX LIMITED","Software & Services","12/05/2021",15133357
"EPY","EARLYPAY LTD","Financial Services","23/02/2010",33148851
"EQR","EQ RESOURCES LIMITED","Materials","06/06/2006",2049109644
"EQT","EQT HOLDINGS LIMITED","Financial Services","06/08/1985",545258020
"EQU","EQUUS ENERGY LIMITED","Energy","18/12/2025",74694961
"EQX","EQUATORIAL RESOURCES LIMITED","Materials","14/05/1987",16430669
"ERA","ENERGY RESOURCES OF AUSTRALIA LIMITED","Energy","19/11/1980","--"
"ERD","EROAD LIMITED","Technology Hardware & Equipment","18/09/2020",150320733
"ERE","EUROPEAN RESOURCES LIMITED","Materials","04/12/2020",9798808
"ERG","ENECO REFRESH LTD","Food, Beverage & Tobacco","29/03/2006",4630092
"ERL","EMPIRE RESOURCES LIMITED","Materials","01/02/2007",18784274
"ESK","ETHERSTACK PLC","Software & Services","07/09/2012",85103817
"ESR","ESTRELLA RESOURCES LIMITED","Materials","09/05/2012",60792747
"ETM","ENERGY TRANSITION MINERALS LTD","Materials","20/06/2006",115050029
"EUR","EUROPEAN LITHIUM LIMITED","Materials","02/12/2010",695555628
"EV1","EVOLUTION ENERGY MINERALS LIMITED","Materials","16/11/2021",8984009
"EV8","EVERLAST MINERALS LTD.","Materials","23/09/2025",51869427
"EVE","EVE HEALTH GROUP LIMITED.","Financial Services","08/04/2004",4932572
"EVG","EVION GROUP NL","Materials","19/01/2018",13142089
"EVN","EVOLUTION MINING LIMITED","Materials","20/08/2002",26482948912
"EVO","EMBARK EARLY EDUCATION LIMITED","Consumer Services","05/12/2014",84519433
"EVT","EVT LIMITED","Media & Entertainment","30/06/1962",2277608459
"EVZ","EVZ LIMITED","Capital Goods","26/04/1985",62640976
"EWC","ENERGY WORLD CORPORATION LTD","Utilities","08/12/1988",269737279
"EXL","ELIXINOL WELLNESS LIMITED","Household & Personal Products","08/01/2018",3632897
"EXP","EXPERIENCE CO LIMITED","Consumer Services","27/03/2015",67920065
"EXR","ELIXIR ENERGY LIMITED","Energy","19/07/2004",155789426
"EXT","EXCITE TECHNOLOGY SERVICES LTD","Software & Services","03/01/2007",17048401
"EYE","NOVA EYE MEDICAL LIMITED","Health Care Equipment & Services","12/10/1987",37752045
"EZL","EUROZ HARTLEYS GROUP LIMITED","Financial Services","02/08/1971",218389945
"EZZ","EZZ LIFE SCIENCE HOLDINGS LIMITED","Consumer Discretionary Distribution & Retail","03/03/2021",17405984
"FAL","FALCON METALS LTD","Materials","22/12/2021",135938683
"FAR","FAR LIMITED","Energy","23/01/1986",28646991
"FAU","FIRST AU LIMITED","Materials","01/01/1970","--"
"FBR","FBR LTD","Capital Goods","08/02/2001",11036920
"FBU","FLETCHER BUILDING LIMITED","Capital Goods","26/03/2001",2957794859
"FCG","FREEDOM CARE GROUP HOLDINGS LIMITED","Health Care Equipment & Services","30/11/2023","--"
"FCL","FINEOS CORPORATION HOLDINGS PLC","Software & Services","16/08/2019",690083130
"FCT","FIRSTWAVE CLOUD TECHNOLOGY LIMITED","Software & Services","11/05/2011",12761285
"FDC","FDC CONSOLIDATED HOLDINGS LIMITED","Capital Goods","09/07/2026",1278953415
"FDR","FINDER ENERGY HOLDINGS LIMITED","Energy","08/04/2022",152418887
"FDV","FRONTIER DIGITAL VENTURES LIMITED","Media & Entertainment","26/08/2016",141889461
"FEG","FAR EAST GOLD LTD","Materials","28/03/2022",47958157
"FEL","FORTE ENERGY LIMITED","Energy","30/04/2013",4330019
"FEX","FENIX RESOURCES LTD","Materials","04/08/2008",188817784
"FFG","FATFISH GROUP LIMITED","Financial Services","23/11/1995","--"
"FFI","FFI HOLDINGS LIMITED","Food, Beverage & Tobacco","15/01/1987",65214730
"FFM","FIREFLY METALS LTD","Materials","21/09/2005",1431180007
"FG1","FLYNN GOLD LIMITED","Materials","17/06/2021",8521174
"FGG","FUTURE GENERATION GLOBAL LIMITED","Not Applic","10/09/2015",653437429
"FGH","FORESTA GROUP HOLDINGS LIMITED","Materials","05/01/1999",22864629
"FGR","FIRST GRAPHENE LIMITED","Materials","08/08/1994",48780159
"FGX","FUTURE GENERATION AUSTRALIA LIMITED","Not Applic","06/03/1997",543665256
"FHE","FRONTIER ENERGY LIMITED","Materials","18/12/2009",250328748
"FHS","FREEHILL MINING LIMITED.","Materials","16/01/2017",4066520
"FID","FIDUCIAN GROUP LIMITED","Financial Services","09/02/2015",272370821
"FIN","FIN RESOURCES LIMITED","Materials","02/11/1989",8561952
"FL1","FIRST LITHIUM LIMITED","Materials","21/02/2000","--"
"FLC","FLUENCE CORPORATION LIMITED","Utilities","18/12/2007",79051313
"FLG","FLAGSHIP MINERALS LIMITED","Materials","08/10/2020",58055124
"FLN","FREELANCER LIMITED","Commercial & Professional Services","15/11/2013",60873509
"FLT","FLIGHT CENTRE TRAVEL GROUP LIMITED","Consumer Services","01/12/1995",2077205853
"FLX","FELIX GROUP HOLDINGS LTD","Software & Services","12/01/2021",12825388
"FME","FUTURE METALS NL","Energy","16/08/2007",14072238
"FMG","FORTESCUE LTD","Materials","19/03/1987",49848442022
"FML","FOCUS MINERALS LTD","Materials","13/09/2000",515805561
"FMN","FAMIEN RESOURCES LIMITED","Materials","08/10/2013",36061679
"FMR","FMR RESOURCES LIMITED","Materials","30/11/2010",43863110
"FND","FINDI LIMITED","Software & Services","08/08/2001","--"
"FNR","FAR NORTHERN RESOURCES LIMITED","Materials","12/04/2024",10004559
"FNX","FINEXIA FINANCIAL GROUP LIMITED","Financial Services","21/12/2006","--"
"FOS","FOS CAPITAL LTD","Capital Goods","07/06/2021",9798138
"FPC","FAT PROPHETS GLOBAL CONTRARIAN FUND LTD","Not Applic","22/03/2017",40428065
"FPH","FISHER & PAYKEL HEALTHCARE CORPORATION LIMITED","Health Care Equipment & Services","21/11/2001",21959948278
"FPR","FLEETPARTNERS GROUP LIMITED","Financial Services","22/04/2015",997661202
"FRB","FIREBIRD METALS LIMITED","Materials","18/03/2021",23706982
"FRE","FIREBRICK PHARMA LIMITED","Pharmaceuticals, Biotechnology & Life Sciences","28/01/2022",8041572
"FRI","FINBAR GROUP LIMITED","Real Estate Management & Development","05/08/1994",187764968
"FRM","FARM PRIDE FOODS LIMITED","Food, Beverage & Tobacco","19/12/1997",57637549
"FRS","FORRESTANIA RESOURCES LIMITED","Materials","30/09/2021",754234841
"FRW","FREIGHTWAYS GROUP LIMITED","Transportation","14/09/2023",1831530308
"FRX","FLEXIROAM LIMITED","Telecommunication Services","16/06/2015",34884514
"FSA","FSA GROUP LIMITED","Financial Services","11/01/2001",150993048
"FSI","FLAGSHIP INVESTMENTS LIMITED","Not Applic","20/12/2000",29109320
"FTI","FORTIFAI LTD","Media & Entertainment","21/04/2021",240790769
"FUL","FULCRUM LITHIUM LTD","Materials","22/11/2024",10057500
"FUN","FORTUNA METALS LTD","Materials","09/04/2003",32893557
"FWD","FLEETWOOD LIMITED","Consumer Durables & Apparel","15/04/1987",215382321
"FXG","FELIX GOLD LIMITED","Materials","31/01/2022",85197288
"FZR","FITZROY RIVER CORPORATION LTD","Energy","04/03/1998",32926047
"G11","G11 RESOURCES LIMITED","Materials","05/08/2010",38782779
"G1C","GROUP ONE CAPITAL LIMITED","Real Estate Management & Development","17/07/1986",19750352
"G50","G50 CORP LIMITED","Materials","06/08/2021",87225520
"G6M","GROUP 6 METALS LIMITED","Materials","21/09/1967",765245551
"G88","GOLDEN MILE RESOURCES LTD","Materials","19/06/2017",4506310
"GA8","GOLDARC RESOURCES LIMITED","Materials","30/06/1986",35202946
"GAL","GALILEO MINING LTD","Materials","29/05/2018",21738742
"GAP","GALE PACIFIC LIMITED","Consumer Durables & Apparel","14/12/2000",27894489
"GAS","STATE GAS LIMITED","Energy","10/10/2017",5025631
"GBE","GLOBE METALS & MINING LIMITED","Materials","09/12/2005",53816739
"GBL","GREAT BEAR EXPLORATION LTD","Energy","21/04/2006",8437469
"GBM","GBM RESOURCES LIMITED.","Materials","24/10/2007",98167994
"GBR","GREAT BOULDER RESOURCES LIMITED","Materials","18/11/2016",183485243
"GC1","GLENNON SMALL COMPANIES LIMITED","Not Applic","21/08/2015",20597641
"GCI","GRYPHON CAPITAL INCOME TRUST","Not Applic","25/05/2018",1337778889
"GCM","GCM CORPORATION LIMITED","Materials","15/11/2007",16226709
"GCR","GOLDEN CROSS RESOURCES LTD","Materials","27/03/1996","--"
"GDF","GARDA PROPERTY GROUP","Equity Real Estate Investment Trusts (REITs)","02/07/2015",223012348
"GDG","GENERATION DEVELOPMENT GROUP LIMITED","Insurance","11/12/2007",1063341586
"GDI","GDI PROPERTY GROUP","Equity Real Estate Investment Trusts (REITs)","17/12/2013",331847987
"GDM","GREAT DIVIDE MINING LTD","Materials","25/08/2023",19448516
"GDR","GOLDEN DRAGON MINING LTD","Materials","29/10/2025",9123342
"GED","GOLDEN DEEPS LIMITED.","Materials","04/12/1986",10488328
"GEM","G8 EDUCATION LIMITED","Consumer Services","05/12/2007",72526523
"GEN","GENMIN LIMITED","Materials","10/03/2021",24216753
"GES","GENESIS RESOURCES LIMITED","Materials","27/10/2009",8611254
"GFL","GLOBAL MASTERS FUND LIMITED","Not Applic","16/05/2006",30016632
"GG1","GREEN & GOLD MINERALS LIMITED","Materials","08/10/2025",6384238
"GG1N","GREEN & GOLD MINERALS LIMITED","Materials","08/10/2025","--"
"GG8","GORILLA GOLD MINES LTD","Materials","28/07/1971",216132654
"GGE","GRAND GULF ENERGY LIMITED","Energy","20/03/1998",3120425
"GGM","GLOBAL GOLD MINING LIMITED","Materials","24/02/2017",56900017
"GGP","GREATLAND RESOURCES LIMITED","Materials","24/06/2025",6888353756
"GGR","GOLDEN GLOBE RESOURCES LTD.","Materials","31/10/2025",18203147
"GHM","GOLDEN HORSE MINERALS LIMITED","Materials","16/12/2024",152792252
"GHY","GOLD HYDROGEN LIMITED","Energy","13/01/2023",92031685
"GIB","GIBB RIVER DIAMONDS LIMITED","Materials","01/07/2008",7078812
"GL1","GLOBAL LITHIUM RESOURCES LIMITED","Materials","06/05/2021",276107365
"GLB","GLOBE INTERNATIONAL LIMITED","Consumer Durables & Apparel","24/05/2001",117757243
"GLE","GLG CORP LTD","Consumer Durables & Apparel","14/12/2005","--"
"GLF","GEMLIFE COMMUNITIES GROUP","Real Estate Management & Development","03/07/2025",1703692310
"GLH","GLOBAL HEALTH LIMITED","Health Care Equipment & Services","04/04/2000",3468878
"GLL","GALILEE ENERGY LIMITED","Energy","15/02/1996",10095286
"GLN","GALAN LITHIUM LIMITED","Materials","08/06/2011",368917690
"GLS","L1 GLOBAL LONG SHORT FUND LIMITED","Not Applic","29/06/1994",1025736658
"GMD","GENESIS MINERALS LIMITED","Materials","02/08/2007",8307197343
"GMG","GOODMAN GROUP","Equity Real Estate Investment Trusts (REITs)","02/02/2005",54040045507
"GML","GATEWAY MINING LIMITED","Materials","02/08/1971",204919977
"GMN","GOLD MOUNTAIN LIMITED","Materials","02/09/2011",17665021
"GNC","GRAINCORP LIMITED","Consumer Staples Distribution & Retail","30/03/1998",1462889591
"GNE","GENESIS ENERGY LIMITED","Utilities","17/04/2014",2617736048
"GNG","GR ENGINEERING SERVICES LIMITED","Materials","19/04/2011",1447786434
"GNM","GREAT NORTHERN MINERALS LIMITED","Materials","05/03/2008",14321315
"GNP","GENUSPLUS GROUP LTD","Capital Goods","14/12/2020",2025791742
"GOW","GOWING BROS LIMITED","Financial Services","31/07/1962",111565505
"GOZ","GROWTHPOINT PROPERTIES AUSTRALIA","Equity Real Estate Investment Trusts (REITs)","04/07/2007",1396026180
"GPR","GEOPACIFIC RESOURCES LTD","Materials","09/05/2006",100045122
"GPT","GPT GROUP","Equity Real Estate Investment Trusts (REITs)","01/04/1971",8371073369
"GQG","GQG PARTNERS INC.","Financial Services","26/10/2021",3224235197
"GR8","GREAT DIRT RESOURCES LTD","Materials","10/11/2023",35545236
"GRE","GREENTECH METALS LIMITED","Materials","04/01/2022",17664908
"GRR","GRANGE RESOURCES LIMITED.","Materials","27/03/1986",133093950
"GRS","GWARDAR RESOURCES LIMITED","Materials","31/07/2026",15840048
"GRV","GREENVALE ENERGY LTD","Energy","28/07/1971",15828373
"GRX","GREENX METALS LIMITED","Materials","06/09/1993",296643680
"GSM","GOLDEN STATE MINING LIMITED","Materials","08/11/2018",4342188
"GSN","GREAT SOUTHERN MINING LIMITED","Materials","14/04/2011",23388286
"GSS","GENETIC SIGNATURES LIMITED","Pharmaceuticals, Biotechnology & Life Sciences","31/03/2015",17943967
"GT1","GREEN TECHNOLOGY METALS LIMITED","Materials","10/11/2021",16267869
"GT3","GREEN360 TECHNOLOGIES LIMITED","Materials","17/05/2011",37442540
"GTE","GREAT WESTERN EXPLORATION LIMITED.","Materials","05/06/2007",6220730
"GTG","GENETIC TECHNOLOGIES LIMITED","Pharmaceuticals, Biotechnology & Life Sciences","30/07/1987","--"
"GTI","GRATIFII LIMITED","Software & Services","17/07/2008",20699747
"GTK","GENTRACK GROUP LIMITED","Software & Services","25/06/2014",328380207
"GTN","GTN LIMITED","Media & Entertainment","01/06/2016",36226501
"GUL","GULLEWA LIMITED","Materials","19/06/1980",15052155
"GUM","GUMTREE AUSTRALIA MARKETS LIMITED","Media & Entertainment","15/09/2016",27627373
"GVF","STAUDE CAPITAL GLOBAL VALUE FUND LIMITED","Not Applic","21/07/2014",262511536
"GW1","GREENWING RESOURCES LTD","Materials","20/10/2005",45207739
"GWA","GWA GROUP LIMITED.","Capital Goods","20/05/1993",498591717
"GWR","GWR GROUP LIMITED","Materials","24/12/2004",34175836
"GYG","GUZMAN Y GOMEZ LIMITED","Consumer Services","20/06/2024",2568380782
"H2G","H2G LIMITED","Commercial & Professional Services","04/12/1980",9592081
"H3E","H3 ENERGY LIMITED","Energy","10/03/2004",6703813
"HAL","HALO TECHNOLOGIES HOLDINGS LTD","Financial Services","26/04/2022",4087154
"HAR","HARANGA RESOURCES LIMITED.","Materials","27/01/2022",26276145
"HAS","HASTINGS TECHNOLOGY METALS LTD","Materials","20/02/2008",59750865
"HAV","HAVILAH RESOURCES LIMITED","Materials","21/03/2002",276098477
"HAW","HAWTHORN RESOURCES LIMITED","Materials","03/07/1986",24791155
"HCF","H&G HIGH CONVICTION LIMITED","Not Applic","25/10/2022","--"
"HCH","HOT CHILI LIMITED","Materials","03/05/2010",320584616
"HCL","HIGHCOM LIMITED","Capital Goods","15/09/2005",15582069
"HCT","HOLISTA COLLTECH LIMITED","Household & Personal Products","26/02/2004",15816878
"HCW","HEALTHCO HEALTHCARE AND WELLNESS REIT","Equity Real Estate Investment Trusts (REITs)","06/09/2021",409881060
"HDN","HOMECO DAILY NEEDS REIT","Equity Real Estate Investment Trusts (REITs)","23/11/2020",2154991448
"HE8","HELIOS ENERGY LTD","Energy","20/10/2010",7768610
"HFR","HIGHFIELD RESOURCES LIMITED","Materials","07/02/2012","--"
"HFY","HUBIFY LIMITED","Telecommunication Services","12/01/2017",5687975
"HGH","HEARTLAND GROUP HOLDINGS LIMITED","Banks","01/11/2018",935754905
"HIO","HAWSONS IRON LTD","Materials","14/11/2007",13781352
"HIQ","HITIQ LIMITED","Health Care Equipment & Services","16/06/2021",5794667
"HIT","HITECH GROUP AUSTRALIA LIMITED","Commercial & Professional Services","17/04/2000",49541000
"HLI","HELIA GROUP LIMITED","Financial Services","20/05/2014",1367390557
"HLO","HELLOWORLD TRAVEL LIMITED","Consumer Services","13/09/2000",225060228
"HLS","HEALIUS LIMITED","Health Care Equipment & Services","03/07/1998",294102413
"HLX","HELIX RESOURCES LIMITED","Materials","22/05/1986",7697790
"HM1","HEARTS AND MINDS INVESTMENTS LIMITED","Not Applic","14/11/2018",669772838
"HMC","HMC CAPITAL LIMITED","Financial Services","14/10/2019",1184207148
"HMD","HERAMED LIMITED","Health Care Equipment & Services","12/12/2018",49821374
"HMG","HAMELIN GOLD LIMITED","Materials","05/11/2021",52054687
"HMI","HIREMII LIMITED","Commercial & Professional Services","11/05/2021",5271530
"HMX","HAMMER METALS LIMITED","Materials","25/02/2003",74991731
"HMY","HARMONEY CORP LIMITED","Financial Services","19/11/2020",75194466
"HOR","HORSESHOE METALS LIMITED","Materials","29/07/2010",16500200
"HPC","THE HYDRATION PHARMACEUTICALS COMPANY LIMITED","Household & Personal Products","14/12/2021",1613965
"HPG","HIPAGES GROUP HOLDINGS LTD","Media & Entertainment","12/11/2020",113349685
"HPR","HIGH PEAK ROYALTIES LIMITED","Energy","30/03/2007",21898770
"HRE","HEAVY RARE EARTHS LIMITED","Materials","24/08/2022",9807212
"HRN","HORIZON GOLD LIMITED","Materials","21/12/2016",205928097
"HSN","HANSEN TECHNOLOGIES LIMITED","Software & Services","01/06/2000",670490276
"HT8","HARRIS TECHNOLOGY GROUP LIMITED","Transportation","24/06/1999",6355203
"HTM","HIGH-TECH METALS LTD","Materials","23/01/2023",25793557
"HUB","HUB24 LIMITED","Financial Services","05/07/2007",5288310159
"HUM","HUMM GROUP LIMITED","Financial Services","12/12/2006",207014926
"HVN","HARVEY NORMAN HOLDINGS LIMITED","Consumer Discretionary Distribution & Retail","03/09/1987",5133547414
"HVY","HEAVY MINERALS LIMITED","Materials","14/09/2021","--"
"HWK","HAWK RESOURCES LIMITED.","Materials","09/06/2017",22769443
"HXL","HEXIMA LIMITED.","Pharmaceuticals, Biotechnology & Life Sciences","01/12/2020","--"
"HYD","HYDRIX LIMITED","Technology Hardware & Equipment","11/05/2001",4349248
"HYT","HYTERRA LTD","Energy","14/12/2005",12857268
"HZN","HORIZON OIL LIMITED","Energy","30/06/1981",401153556
"HZR","HAZER GROUP LIMITED","Materials","02/12/2015",79015112
"I88","INFINI RESOURCES LIMITED","Materials","15/01/2024",11361760
"IAG","INSURANCE AUSTRALIA GROUP LIMITED","Insurance","08/08/2000",18011910547
"IAM","INCOME ASSET MANAGEMENT GROUP LIMITED.","Financial Services","14/01/1987",17686546
"IBC","IRONBARK BALANCED INCOME LIMITED","Not Applic","02/04/1987",42009577
"IBR","IRON BEAR RESOURCES LTD","Materials","07/06/2001",25443825
"IBX","IMAGION BIOSYSTEMS LIMITED","Health Care Equipment & Services","22/06/2017",5607048
"ICE","ICETANA LIMITED","Software & Services","23/12/2019",31887644
"ICL","ICENI GOLD LIMITED","Materials","14/04/2021",7491078
"ICR","INTELICARE HOLDINGS LIMITED","Health Care Equipment & Services","25/05/2020",17167363
"ICU","INVESTOR CENTRE LIMITED","Financial Services","31/07/2006","--"
"ID8","IDENTITII LIMITED","Software & Services","17/10/2018",4459123
"IDA","INDIANA RESOURCES LIMITED","Materials","17/07/1986",12884649
"IDT","IDT AUSTRALIA LIMITED","Pharmaceuticals, Biotechnology & Life Sciences","18/02/1991",17565557
"IDX","INTEGRAL DIAGNOSTICS LIMITED","Health Care Equipment & Services","21/10/2015",795974448
"IEL","IDP EDUCATION LIMITED","Consumer Services","26/11/2015",559455784
"IEQ","INTERNATIONAL EQUITIES CORPORATION LIMITED.","Real Estate Management & Development","11/03/1993","--"
"IFG","INFOCUS GROUP HOLDINGS LIMITED","Software & Services","10/08/2004","--"
"IFN","INFRAGREEN GROUP LIMITED","Commercial & Professional Services","25/06/2025",138531486
"IFT","INFRATIL LIMITED.","Capital Goods","30/08/2010",11153414014
"IG6","INTERNATIONAL GRAPHITE LIMITED","Capital Goods","07/04/2022",11988040
"IGL","IVE GROUP LIMITED","Media & Entertainment","16/12/2015",366211330
"IGN","IGNITE LIMITED","Commercial & Professional Services","16/01/1997",10503031
"IGO","IGO LIMITED","Materials","17/01/2002",4861659359
"IIQ","INOVIQ LTD","Health Care Equipment & Services","18/04/1991",23931828
"IKE","IKEGPS GROUP LIMITED","Technology Hardware & Equipment","21/11/2016",169641052
"ILA","ISLAND PHARMACEUTICALS LIMITED","Pharmaceuticals, Biotechnology & Life Sciences","13/04/2021",112516739
"ILT","ILTANI RESOURCES LIMITED.","Materials","30/06/2023",32089063
"ILU","ILUKA RESOURCES LIMITED","Materials","30/06/1962",2471059291
"IMA","IMAGE RESOURCES NL","Materials","04/07/2002",18956863
"IMB","INTELLIGENT MONITORING GROUP LIMITED","Commercial & Professional Services","03/03/1994",237571382
"IMC","IMMURON LIMITED","Pharmaceuticals, Biotechnology & Life Sciences","30/04/1999",12913923
"IMD","IMDEX LIMITED","Materials","24/09/1987",1784570210
"IME","IMEXHS LIMITED","Health Care Equipment & Services","14/12/2005",17678606
"IMI","INFINITY MINING LIMITED","Materials","22/12/2021",3919287
"IMM","IMMUTEP LIMITED","Pharmaceuticals, Biotechnology & Life Sciences","23/06/1988",45697416
"IMR","IMRICOR MEDICAL SYSTEMS INC.","Health Care Equipment & Services","30/08/2019",555908464
"IMU","IMUGENE LIMITED","Pharmaceuticals, Biotechnology & Life Sciences","24/11/1993",23602765
"INA","INGENIA COMMUNITIES GROUP","Equity Real Estate Investment Trusts (REITs)","01/07/2004",1948248002
"IND","INDUSTRIAL MINERALS LTD","Materials","13/07/2021",17895913
"INF","INFINITY METALS LIMITED","Materials","15/04/2011",4244784
"ING","INGHAMS GROUP LIMITED","Food, Beverage & Tobacco","07/11/2016",758226386
"INN","INNOVAERO TECHNOLOGIES LIMITED","Capital Goods","22/09/2026",136123173
"INR","IONEER LTD","Materials","19/12/2007",339640878
"INV","INVESTSMART GROUP LIMITED","Financial Services","21/04/2005",16310351
"IOD","IODM LIMITED","Software & Services","18/11/2003",54891676
"ION","IONDRIVE LIMITED","Materials","21/04/2005",137483602
"IOV","ION VIDEO LTD","Software & Services","26/07/2011",52775989
"IPC","IMPERIAL PACIFIC LIMITED","Financial Services","28/07/1971","--"
"IPD","IMPEDIMED LIMITED","Health Care Equipment & Services","24/10/2007",18312468
"IPG","IPD GROUP LTD","Capital Goods","17/12/2021",652769932
"IPH","IPH LIMITED","Commercial & Professional Services","19/11/2014",867863797
"IPT","IMPACT MINERALS LIMITED","Materials","29/11/2006",14642455
"IPX","IPERIONX LIMITED","Materials","16/04/2018",865753990
"IRD","IRON ROAD LIMITED","Materials","12/06/2008",6721542
"IRE","IRESS LIMITED","Software & Services","03/11/2000",1010531054
"IRI","INTEGRATED RESEARCH LIMITED","Software & Services","13/12/2000",50156883
"IS3","I SYNERGY GROUP LIMITED","Software & Services","30/03/2017",10452280
"ITM","ITECH MINERALS LTD","Materials","21/10/2021",12422040
"ITS","INFOTRUST LTD","Software & Services","22/10/1999",52226691
"IVG","INVERT GRAPHITE LIMITED","Pharmaceuticals, Biotechnology & Life Sciences","19/03/2004",21494562
"IVR","INVESTIGATOR SILVER LIMITED","Materials","03/04/2007",131142888
"IVX","INVION LIMITED","Pharmaceuticals, Biotechnology & Life Sciences","15/02/2010",4586427
"IVZ","INVICTUS ENERGY LTD","Energy","19/01/2012",105393906
"IXC","INVEX THERAPEUTICS LTD","Pharmaceuticals, Biotechnology & Life Sciences","05/07/2019",8266923
"IXR","IONIC RARE EARTHS LIMITED","Materials","10/12/1999",158340123
"JAL","JAMESON RESOURCES LIMITED","Materials","18/12/2007",40598381
"JAN","JANISON EDUCATION GROUP LIMITED","Software & Services","12/09/2000",31186590
"JAT","JATCORP LIMITED","Consumer Discretionary Distribution & Retail","30/01/2008",10112080
"JAV","JAVELIN MINERALS LIMITED","Materials","09/10/2012",27740489
"JBH","JB HI-FI LIMITED","Consumer Discretionary Distribution & Retail","23/10/2003",7636978573
"JCS","JCURVE SOLUTIONS LTD","Software & Services","08/12/2000",9567273
"JDO","JUDO CAPITAL HOLDINGS LIMITED","Banks","01/11/2021",1021341799
"JGH","JADE GAS HOLDINGS LIMITED","Materials","13/02/1995",155225725
"JHX","JAMES HARDIE INDUSTRIES PLC","Materials","15/10/2001",20942984348
"JIN","JUMBO INTERACTIVE LIMITED","Consumer Services","14/06/1972",358306561
"JLL","JINDALEE LITHIUM LIMITED","Materials","11/07/2002",51126582
"JMS","JUPITER MINES LIMITED.","Materials","18/04/2018",511121143
"JNO","JUNO MINERALS LIMITED","Materials","14/05/2021",5440163
"JNS","JANUS ELECTRIC HOLDINGS LIMITED","Utilities","12/09/2002",130934560
"JPR","JUPITER ENERGY LIMITED","Energy","12/11/2003",19235783
"JYC","JOYCE CORPORATION LTD","Consumer Discretionary Distribution & Retail","17/12/1986",185695009
"KAL","KALGOORLIE GOLD MINING LIMITED","Materials","17/11/2021",11956774
"KAM","K2 ASSET MANAGEMENT HOLDINGS LTD","Financial Services","29/11/2007",12295345
"KAN","KANTRA COPPER LIMITED","Materials","22/07/1994",299266172
"KAO","KAOKO METALS LIMITED","Materials","07/05/2026",128258874
"KAR","KAROON ENERGY LTD","Energy","08/06/2004",1101902005
"KAT","KATANA CAPITAL LIMITED","Not Applic","23/12/2005","--"
"KAU","KAISER REEF LIMITED","Materials","28/02/2020",115011256
"KCC","KINCORA COPPER LIMITED","Materials","30/03/2021",50981827
"KCN","KINGSGATE CONSOLIDATED LIMITED.","Materials","21/04/1988",1265442769
"KEY","KEY PETROLEUM LIMITED","Energy","26/04/2007",3384286
"KFM","KINGFISHER MINING LTD","Materials","11/12/2020",7909510
"KGL","KGL RESOURCES LIMITED","Materials","17/03/2005",397493384
"KGN","KOGAN.COM LTD","Consumer Discretionary Distribution & Retail","07/07/2016",307627620
"KIT","KAPSTREAM INVESTMENT TRUST","Class Pend","30/03/2026",170896856
"KKC","KKR CREDIT INCOME FUND","Not Applic","21/11/2019",654743778
"KKO","KINETIKO ENERGY LTD","Energy","21/07/2011",52343523
"KLI","KILLI RESOURCES LIMITED","Materials","10/02/2022",99195168
"KLR","KAILI RESOURCES LIMITED","Energy","06/03/1997",9875824
"KLS","KELSIAN GROUP LIMITED","Transportation","16/10/2013",1027714909
"KLV","KLEVO GROUP LIMITED","Commercial & Professional Services","11/02/2022",88777049
"KM1","KALI METALS LIMITED","Materials","08/01/2024",17952022
"KMD","KMD BRANDS LIMITED","Consumer Discretionary Distribution & Retail","13/11/2009",108685009
"KME","KIP MCGRATH EDUCATION CENTRES LIMITED","Consumer Services","15/08/2003",34643934
"KNB","KOONENBERRY GOLD LIMITED","Materials","28/09/2021",28367337
"KNG","KINGSLAND MINERALS LTD","Materials","14/06/2022",4168513
"KNI","KUNIKO LIMITED","Materials","24/08/2021",6827846
"KNO","KNOSYS LIMITED","Software & Services","09/09/2015",4755051
"KOA","THE KOALA COMPANY LIMITED","Consumer Discretionary Distribution & Retail","31/03/2026",468781194
"KOB","KOBA RESOURCES LIMITED","Materials","04/05/2022",9141491
"KOV","KORVEST LTD","Capital Goods","17/09/1970",190245491
"KP2","KORE POTASH PLC","Materials","07/11/2017",377843497
"KPG","KELLY PARTNERS GROUP HOLDINGS LIMITED","Commercial & Professional Services","21/06/2017",186080073
"KPO","KALINA POWER LIMITED","Utilities","02/08/1971",59437754
"KRM","KINGSROSE MINING LIMITED","Materials","07/12/2007",15070530
"KRR","KING RIVER RESOURCES LIMITED","Materials","21/09/2007",124377789
"KSC","K & S CORPORATION LIMITED","Transportation","25/08/1971",437911398
"KSL","KINA SECURITIES LIMITED","Banks","30/07/2015",309048911
"KSN","KINGSTON RESOURCES LIMITED","Materials","05/03/1987",43695671
"KTA","KRAKATOA RESOURCES LIMITED","Materials","28/12/2012",13079697
"KTK","KTEK AEROSYSTEMS LTD","Capital Goods","18/05/2026",25290000
"KYN","KYRON CAPITAL GROUP","Consumer Services","11/07/2014",3957644
"KYP","KINATICO LTD","Software & Services","08/09/2015",67677570
"KZR","KALAMAZOO RESOURCES LIMITED","Materials","16/01/2017",53310794
"L1G","L1 GROUP LIMITED","Financial Services","23/05/2007",2900352079
"L1M","LIGHTNING MINERALS LTD","Materials","22/11/2022",4561273
"LAC","LAC GOLD LIMITED","Materials","25/10/2005",70919110
"LAM","LARAMIDE RESOURCES LTD","Energy","30/04/2013",147699155
"LAT","LATITUDE 66 LIMITED","Materials","13/12/2007",25486436
"LAU","LINDSAY AUSTRALIA LIMITED","Transportation","05/07/1994",261869865
"LBL","LASERBOND LIMITED","Capital Goods","17/12/2007",62463300
"LCE","LONDON CITY EQUITIES LIMITED","Financial Services","06/03/1987",26980953
"LCL","LCL RESOURCES LIMITED","Materials","02/10/2007",8438550
"LCY","LEGACY IRON ORE LIMITED","Materials","08/07/2008",48810213
"LDR","LODE RESOURCES LTD","Materials","02/07/2021",19281290
"LDX","LUMOS DIAGNOSTICS HOLDINGS LIMITED","Health Care Equipment & Services","05/07/2021",97166627
"LED","LDR CAPITAL PROPERTY FUND","Equity Real Estate Investment Trusts (REITs)","06/12/2019",150590860
"LEG","LEGEND MINING LIMITED","Materials","25/08/1995",23315817
"LEL","LE MINERALS LIMITED","Materials","19/05/2021",33600471
"LEX","LEFROY EXPLORATION LIMITED","Materials","05/09/1991",31880316
"LF1","LA TROBE PRIVATE CREDIT FUND","Not Applic","27/06/2025",249405264
"LFG","LIBERTY FINANCIAL GROUP","Financial Services","15/12/2020",971520000
"LFS","LATITUDE GROUP HOLDINGS LIMITED","Financial Services","20/04/2021",816190327
"LFT","LI-FT POWER LTD.","Materials","26/05/2026",185496646
"LGF","L1 GOLD FUND LIMITED","Not Applic","24/04/2026",1521157828
"LGI","LGI LIMITED","Utilities","04/10/2022",201191333
"LGM","LEGACY MINERALS HOLDINGS LIMITED","Materials","13/09/2021",26014980
"LGP","LITTLE GREEN PHARMA LTD","Pharmaceuticals, Biotechnology & Life Sciences","20/02/2020",56302551
"LIB","LIBERTY METALS LTD","Materials","20/11/2003",40564875
"LIC","LIFESTYLE COMMUNITIES LIMITED","Real Estate Management & Development","15/12/1998",530786635
"LIN","LINDIAN RESOURCES LIMITED","Materials","02/03/2000",813734418
"LIO","LION ENERGY LIMITED","Energy","15/02/1972",5878181
"LIS","LI-S ENERGY LIMITED","Capital Goods","28/09/2021",86427031
"LIT","LIVIUM LTD","Materials","30/10/2007",15997865
"LKE","LAKE RESOURCES N.L.","Materials","29/08/2001",101789474
"LKO","LAKES BLUE ENERGY NL","Energy","05/12/1985",24420353
"LKY","LOCKSLEY RESOURCES LIMITED","Materials","08/07/2021",24046451
"LLC","LENDLEASE GROUP","Real Estate Management & Development","30/06/1962",1769983342
"LM1","LEEUWIN METALS LTD","Materials","29/03/2023",28186190
"LM8","LUNNON METALS LIMITED","Materials","16/06/2021",68224832
"LMG","LATROBE MAGNESIUM LIMITED","Materials","18/12/1986",56203915
"LML","LINCOLN MINERALS LIMITED","Materials","09/03/2007",37744763
"LMS","LITCHFIELD MINERALS LIMITED","Materials","15/03/2024",14915488
"LNQ","LINQ MINERALS LIMITED","Materials","27/06/2025",97414600
"LNW","LIGHT & WONDER INC.","Consumer Services","22/05/2023",8379098434
"LOT","LOTUS RESOURCES LIMITED","Materials","18/02/2009",114879522
"LOV","LOVISA HOLDINGS LIMITED","Consumer Discretionary Distribution & Retail","18/12/2014",2705341408
"LPE","LOCALITY PLANNING ENERGY HOLDINGS LIMITED","Utilities","11/10/2011",16253575
"LPM","LITHIUM PLUS MINERALS LTD.","Materials","26/04/2022",18520800
"LRD","LORD RESOURCES LIMITED","Materials","07/04/2022",2480828
"LRK","LARK DISTILLING CO. LTD","Food, Beverage & Tobacco","12/11/2003",88057615
"LRM","LION ROCK MINERALS LTD","Materials","17/07/2003",62286591
"LRT","LOWELL RESOURCES FUND","Not Applic","22/03/2018",97550260
"LRV","LARVOTTO RESOURCES LIMITED","Materials","06/12/2021",517426267
"LSA","LACHLAN STAR LIMITED","Materials","28/07/1971",44586783
"LSF","L1 LONG SHORT FUND LIMITED","Not Applic","24/04/2018",3030972590
"LSR","LODESTAR MINERALS LIMITED","Materials","21/12/2007",11172778
"LSX","LION SELECTION GROUP LIMITED.","Not Applic","13/03/2013",127531282
"LTP","LTR PHARMA LIMITED","Pharmaceuticals, Biotechnology & Life Sciences","11/12/2023",90225938
"LTR","LIONTOWN LIMITED","Materials","27/12/2006",2569544678
"LU7","LITHIUM UNIVERSE LIMITED","Materials","19/10/2011",7554727
"LUX","LUX COPPER CORP. LTD","Materials","17/07/2026",44133051
"LVE","LOVE GROUP GLOBAL LTD","Software & Services","05/12/2014",3850746
"LYC","LYNAS RARE EARTHS LIMITED","Materials","11/09/1986",12712127560
"LYL","LYCOPODIUM LIMITED","Capital Goods","17/12/2004",971648526
"M24","MAMBA EXPLORATION LIMITED","Materials","05/02/2021",34614777
"M2M","MT MALCOLM MINES NL","Materials","10/09/2021",5549836
"M2R","MIRAMAR RESOURCES LIMITED","Materials","22/10/2020",5273975
"M3M","M3 MINING LIMITED","Materials","29/07/2021",4802524
"M4M","MACRO METALS LIMITED","Materials","16/01/1987",27453784
"M79","MAMMOTH MINERALS LIMITED","Materials","13/04/2022",19282498
"M7T","MACH7 TECHNOLOGIES LIMITED","Health Care Equipment & Services","30/11/2005",52877185
"M96","MAVERICK MINERALS AUSTRALIA LTD","Materials","15/01/2008",12939348
"MA1","MA CREDIT INCOME TRUST","Not Applic","05/03/2025",504643968
"MAD","MADER GROUP LIMITED","Commercial & Professional Services","01/10/2019",1374273732
"MAF","MA FINANCIAL GROUP LIMITED","Financial Services","10/04/2017",923128469
"MAG","MAGMATIC RESOURCES LIMITED","Materials","19/05/2017",11049083
"MAH","MACMAHON HOLDINGS LIMITED","Materials","01/12/1983",2251960180
"MAM","MICROEQUITIES ASSET MANAGEMENT GROUP LIMITED","Financial Services","30/04/2018",45336165
"MAN","MANDRAKE RESOURCES LIMITED","Materials","29/05/1987",11917938
"MAP","MICROBA LIFE SCIENCES LIMITED","Health Care Equipment & Services","05/04/2022",34421629
"MAQ","MACQUARIE TECHNOLOGY GROUP LIMITED","Software & Services","27/09/1999",1389461892
"MAT","MATSA RESOURCES LIMITED","Materials","20/04/2005","--"
"MAY","MELBANA ENERGY LIMITED","Energy","27/03/1998",15127875
"MBG","MB GOLD LIMITED","Materials","06/02/2026",11942697
"MBH","MAGGIE BEER HOLDINGS LTD","Food, Beverage & Tobacco","27/08/2004",25087381
"MBK","METAL BANK LIMITED","Materials","02/03/2011",10942294
"MC2","MARIMACA COPPER CORP.","Materials","02/04/2025",1131686505
"MCA","MURRAY COD AUSTRALIA LIMITED","Food, Beverage & Tobacco","30/03/2011",38419942
"MCM","MC MINING LIMITED","Energy","24/04/1980",215455927
"MCO","MYECO GROUP LTD","Materials","21/11/1996",11468591
"MCP","MCPHERSON'S LIMITED","Household & Personal Products","30/06/1962",19433134
"MCY","MERCURY NZ LIMITED","Utilities","10/05/2013",7845652558
"MDI","MIDDLE ISLAND RESOURCES LIMITED","Materials","16/12/2010",11919861
"MDX","MINDAX LIMITED","Materials","08/12/2004",83089963
"MEC","MORPHIC ETHICAL EQUITIES FUND LIMITED","Financial Services","03/05/2017",35416771
"MEG","MEGADO MINERALS LTD","Materials","27/10/2020",7206833
"MEI","METEORIC RESOURCES LIMITED","Materials","16/07/2004",712121606
"MEK","MEEKA METALS LIMITED","Materials","21/12/1999",308858302
"MEL","METGASCO LTD","Energy","23/12/2004",587876
"MEM","MEMPHASYS LIMITED.","Pharmaceuticals, Biotechnology & Life Sciences","14/05/2007",15476169
"MEU","MARMOTA LIMITED","Energy","21/11/2007",99747101
"MEX","MINERALS EXPLORATION LIMITED","Materials","07/06/2022",10365759
"MEZ","MERIDIAN ENERGY LIMITED","Utilities","29/10/2013",11561388605
"MFD","MAYFIELD CHILDCARE LIMITED","Consumer Services","30/11/2016",13199294
"MFF","MFF CAPITAL INVESTMENTS LIMITED","Not Applic","19/12/2006",3202630164
"MFG","MAGELLAN FINANCIAL GROUP LIMITED","Financial Services","01/07/2004",2361345729
"MGA","METALSGROVE MINING LTD","Materials","06/07/2022",14236613
"MGH","MAAS GROUP HOLDINGS LIMITED","Capital Goods","04/12/2020",2532946237
"MGL","MAGONTEC LIMITED","Materials","07/07/1983",13325005
"MGR","MIRVAC GROUP","Equity Real Estate Investment Trusts (REITs)","16/06/1999",6830936994
"MGT","MAGNETITE MINES LIMITED.","Materials","06/04/2006",3435213
"MGU","MAGNUM MINING AND EXPLORATION LIMITED","Materials","23/04/1987",19278223
"MGX","MGX RESOURCES LIMITED","Materials","12/02/1976",377737195
"MHC","MANHATTAN GOLD CORPORATION LIMITED","Energy","29/01/2008",13754258
"MHJ","MICHAEL HILL INTERNATIONAL LIMITED","Consumer Discretionary Distribution & Retail","07/07/2016",128922272
"MHK","METAL HAWK LIMITED.","Materials","19/11/2020",17635928
"MHM","MOUNT HOPE MINING LIMITED","Materials","20/12/2024",11850000
"MI6","MINERALS 260 LIMITED","Materials","12/10/2021",2116309756
"MIN","MINERAL RESOURCES LIMITED","Materials","28/07/2006",9976407239
"MIO","MACARTHUR MINERALS LIMITED","Materials","06/12/2019",7552017
"MIR","MIRRABOOKA INVESTMENTS LIMITED","Not Applic","28/06/2001",514824359
"MKR","MANUKA RESOURCES LTD.","Materials","14/07/2020",100729033
"ML8","MOONLIGHT RESOURCES LTD","Materials","11/12/2025",14540075
"MLG","MLG OZ LIMITED","Materials","04/05/2021",129873092
"MLS","METALS AUSTRALIA LTD","Materials","23/01/1986",12481732
"MLX","METALS X LIMITED","Materials","26/08/2004",1843694399
"MM1","MIDAS MINERALS LTD","Materials","07/09/2021",280813267
"MM8","MEDALLION METALS LIMITED.","Materials","22/03/2021",464131177
"MMA","MARONAN METALS LIMITED","Materials","29/04/2022",131993207
"MME","MONEYME LIMITED","Financial Services","12/12/2019",55697049
"MMI","METRO MINING LIMITED","Materials","04/12/2009",362802238
"MML","MCLAREN MINERALS LIMITED","Materials","02/05/2022",6065534
"MMR","MEC RESOURCES LIMITED","Energy","29/05/2006",3743980
"MMS","MCMILLAN SHAKESPEARE LIMITED","Commercial & Professional Services","15/03/2004",1253574432
"MNB","MINBOS RESOURCES LIMITED","Materials","18/10/2010",20303889
"MNC","MERINO & CO. LIMITED","Consumer Durables & Apparel","30/10/2024",7982524
"MND","MONADELPHOUS GROUP LIMITED","Capital Goods","28/03/1991",3162453519
"MNE","MACALLUM NEW ENERGY LIMITED","Energy","25/02/2026",25936694
"MNV","MONVIA LIMITED","Software & Services","24/07/2026",96957637
"MOH","MOHO RESOURCES LIMITED","Materials","07/11/2018",4230131
"MOM","MOAB MINERALS LIMITED","Materials","15/01/1987","--"
"MOT","METRICS INCOME OPPORTUNITIES TRUST","Not Applic","29/04/2019","--"
"MOV","MOVE LOGISTICS GROUP LIMITED","Transportation","01/07/2022",22970523
"MP1","MEGAPORT LIMITED","Software & Services","17/12/2015",5301869847
"MPK","MANY PEAKS MINERALS LTD","Materials","16/03/2022",187861918
"MPL","MEDIBANK PRIVATE LIMITED","Insurance","25/11/2014",12393014580
"MPP","METRO PERFORMANCE GLASS LIMITED","Capital Goods","30/07/2014",22132318
"MPR","MPR AUSTRALIA LIMITED","Financial Services","01/01/1974","--"
"MPW","METAL POWDER WORKS LIMITED","Capital Goods","01/11/2012",209336944
"MPX","MUSTERA PROPERTY GROUP LIMITED","Real Estate Management & Development","28/11/2014","--"
"MQG","MACQUARIE GROUP LIMITED","Financial Services","05/11/2007",95148166821
"MQR","MARQUEE RESOURCES LIMITED","Materials","15/03/2017",4543187
"MRD","MOUNT RIDLEY MINES LIMITED","Materials","15/09/2004",58603056
"MRE","METRICS REAL ESTATE MULTI-STRATEGY FUND","Not Applic","16/10/2024","--"
"MRQ","MRG METALS LIMITED","Materials","08/06/2011",6696302
"MRT","MARITANA MINERALS LIMITED","Materials","06/02/1992",257289405
"MRZ","MONT ROYAL RESOURCES LIMITED","Materials","07/05/2019",17516871
"MSB","MESOBLAST LIMITED","Pharmaceuticals, Biotechnology & Life Sciences","16/12/2004",2636458663
"MSG","MCS SERVICES LIMITED","Commercial & Professional Services","17/01/2012","--"
"MSI","MULTISTACK INTERNATIONAL LIMITED","Capital Goods","11/02/1993","--"
"MSV","MITCHELL SERVICES LIMITED","Materials","02/08/2011",116847792
"MTH","MITHRIL SILVER AND GOLD LIMITED","Materials","18/11/2002",41247307
"MTL","MANTLE MINERALS LIMITED","Materials","11/07/2000",7233115
"MTM","METALLIUM LIMITED","Materials","15/07/2021",219034758
"MTO","MOTORCYCLE HOLDINGS LIMITED","Consumer Discretionary Distribution & Retail","29/04/2016",186451295
"MTS","METCASH LIMITED","Consumer Staples Distribution & Retail","08/04/2005",3156214071
"MVF","MONASH IVF GROUP LIMITED","Health Care Equipment & Services","26/06/2014",290277956
"MVL","MARVEL GOLD LIMITED","Materials","14/06/2016",19573875
"MVP","MEDICAL DEVELOPMENTS INTERNATIONAL LIMITED","Pharmaceuticals, Biotechnology & Life Sciences","15/12/2003",48443079
"MX1","MICRO-X LIMITED","Health Care Equipment & Services","22/12/2015",41384026
"MXI","MAXIPARTS LIMITED","Capital Goods","07/12/1994",101824616
"MXO","MOTIO LTD","Media & Entertainment","09/05/2011",18839017
"MXT","METRICS MASTER INCOME TRUST","Not Applic","09/10/2017","--"
"MYE","MASTERMYNE GROUP LIMITED","Materials","07/05/2010",233162232
"MYG","MAYFIELD GROUP HOLDINGS LIMITED","Capital Goods","30/10/1986",261615668
"MYR","MYER HOLDINGS LIMITED","Consumer Discretionary Distribution & Retail","02/11/2009",328841778
"MYS","MYSTATE LIMITED","Banks","10/09/2009",838258460
"MYX","MAYNE PHARMA GROUP LIMITED","Pharmaceuticals, Biotechnology & Life Sciences","29/06/2007",230932301
"N1H","N1 HOLDINGS LIMITED","Financial Services","18/03/2016",12327780
"NAB","NATIONAL AUSTRALIA BANK LIMITED","Banks","31/01/1962",119711116339
"NAC","NAOS EX-50 OPPORTUNITIES COMPANY LIMITED","Not Applic","12/11/2014",29537603
"NAE","NEW AGE EXPLORATION LIMITED","Energy","18/02/1994",8684525
"NAG","NAGAMBIE RESOURCES LIMITED","Materials","23/06/2006",20228713
"NAN","NANOSONICS LIMITED","Health Care Equipment & Services","17/05/2007",864594462
"NC1","NICO RESOURCES LIMITED","Materials","19/01/2022",14363402
"NC6","NANOLLOSE LIMITED","Pharmaceuticals, Biotechnology & Life Sciences","18/10/2017",27868230
"NCC","NAOS EMERGING OPPORTUNITIES COMPANY LIMITED","Not Applic","26/02/2013",38006795
"NCK","NICK SCALI LIMITED","Consumer Discretionary Distribution & Retail","26/05/2004",1189732023
"NDO","NIDO EDUCATION LIMITED","Consumer Services","16/10/2023",55597577
"NEC","NINE ENTERTAINMENT CO. HOLDINGS LIMITED","Media & Entertainment","06/12/2013",1054531812
"NEM","NEWMONT CORPORATION","Materials","27/10/2023",173187949776
"NES","NELSON RESOURCES LIMITED.","Materials","07/12/2017",6961724
"NEU","NEUREN PHARMACEUTICALS LIMITED","Pharmaceuticals, Biotechnology & Life Sciences","03/02/2005",2589992330
"NFL","NORFOLK METALS LIMITED","Materials","22/03/2022","--"
"NFM","NEW FRONTIER MINERALS LIMITED","Materials","14/12/2010",8691482
"NGE","NGE CAPITAL LIMITED","Not Applic","28/12/2007",42039014
"NGI","NAVIGATOR GLOBAL INVESTMENTS LIMITED","Financial Services","28/04/2006",1379047946
"NGS","NUTRITIONAL GROWTH SOLUTIONS LTD","Household & Personal Products","30/10/2020",20244868
"NGX","NGX LIMITED","Materials","16/06/2023",6614664
"NGY","NUENERGY GAS LIMITED","Energy","15/01/1987",48994301
"NH3","NH3 CLEAN ENERGY LIMITED","Materials","30/10/2008",67831815
"NHC","NEW HOPE CORPORATION LIMITED","Energy","16/09/2003",4910759174
"NHE","NOBLE HELIUM LIMITED","Energy","08/04/2022",39731029
"NHF","NIB HOLDINGS LIMITED","Insurance","05/11/2007",3104596223
"NHU","NEU HORIZON URANIUM LIMITED","Energy","07/07/2026",10877733
"NIC","NICKEL INDUSTRIES LIMITED","Materials","20/08/2018",3321580944
"NIM","NIMY RESOURCES LIMITED","Materials","22/11/2021",13921445
"NMD","NORMANDY MINERALS LTD","Class Pend","05/10/2026",34325759
"NME","NEX METALS EXPLORATION LIMITED","Materials","06/12/2007",3759620
"NMG","NEW MURCHISON GOLD LIMITED","Materials","22/03/2001",741213929
"NMR","NATIVE MINERAL RESOURCES HOLDINGS LIMITED","Materials","16/11/2020",57717354
"NMT","NEOMETALS LTD","Materials","10/07/2002",23211281
"NNL","NORDIC RESOURCES LTD","Materials","01/06/2022",74372604
"NOL","NOBLEOAK LIFE LIMITED","Insurance","22/07/2021",120937263
"NOR","NORWOOD SYSTEMS LIMITED","Software & Services","27/06/1995",9278526
"NOU","NOUMI LIMITED","Food, Beverage & Tobacco","07/11/1985",33253118
"NOV","NOVATTI GROUP LIMITED","Software & Services","18/01/2016",9973923
"NOX","NOXOPHARM LIMITED","Pharmaceuticals, Biotechnology & Life Sciences","09/08/2016",18127039
"NPM","NEWPEAK METALS LIMITED","Materials","11/04/2011",4879300
"NRL","NORTHSTONE RESOURCES LIMITED","Materials","11/11/2011",27860993
"NRX","NORONEX LIMITED","Materials","15/11/2017",8885818
"NRZ","NEURIZER LTD","Materials","17/03/2005","--"
"NS1","NODESTREAM LTD","Technology Hardware & Equipment","12/05/2016",6950984
"NSB","NEUROSCIENTIFIC BIOPHARMACEUTICALS LTD","Pharmaceuticals, Biotechnology & Life Sciences","27/07/2018",23772831
"NSC","NAOS SMALL CAP OPPORTUNITIES COMPANY LIMITED","Not Applic","25/03/2004",39600388
"NSM","NORTH STAWELL MINERALS LTD","Materials","24/09/2020",8549056
"NST","NORTHERN STAR RESOURCES LTD","Materials","17/12/2003",34067089032
"NTD","NTAW HOLDINGS LIMITED","Consumer Discretionary Distribution & Retail","15/12/2017",32702984
"NTI","NEUROTECH INTERNATIONAL LIMITED","Health Care Equipment & Services","04/11/2016",22624979
"NTM","NT MINERALS LIMITED","Materials","22/12/1993","--"
"NTU","NORTHERN MINERALS LIMITED","Materials","15/11/2006",229164180
"NUC","NUCHEV LIMITED","Food, Beverage & Tobacco","09/12/2019","--"
"NUF","NUFARM LIMITED","Materials","10/11/1988",1202726194
"NUZ","NEURIZON THERAPEUTICS LIMITED","Pharmaceuticals, Biotechnology & Life Sciences","05/10/2001","--"
"NVA","NOVA MINERALS CORP","Materials","11/06/1987",309374381
"NVO","NOVO RESOURCES CORP.","Materials","11/09/2023",31255381
"NVQ","NOVIQTECH LIMITED","Software & Services","13/12/2018","--"
"NVU","NANOVEU LIMITED","Technology Hardware & Equipment","30/11/2018",55453056
"NVX","NOVONIX LIMITED","Technology Hardware & Equipment","02/12/2015",93805174
"NWH","NRW HOLDINGS LIMITED","Capital Goods","05/09/2007",3709708477
"NWL","NETWEALTH GROUP LIMITED","Financial Services","20/11/2017",4213217683
"NWM","NORWEST MINERALS LIMITED","Materials","29/11/2018",10815090
"NWS","NEWS CORPORATION..","Media & Entertainment","19/06/2013",24476999146
"NWSLV","NEWS CORPORATION..","Media & Entertainment","19/06/2013","--"
"NX1","NEXALIS THERAPEUTICS LTD","Pharmaceuticals, Biotechnology & Life Sciences","11/01/2017",3795560
"NXD","NEXTED GROUP LIMITED","Consumer Services","24/08/2009",11180486
"NXG","NEXGEN ENERGY (CANADA) LTD","Energy","02/07/2021",8628259684
"NXL","NUIX LIMITED","Software & Services","04/12/2020",652728405
"NXM","NEXUS MINERALS LIMITED","Materials","23/02/2007",34576674
"NXN","NEXSEN LIMITED","Pharmaceuticals, Biotechnology & Life Sciences","14/10/2025",25249525
"NXT","NEXTDC LIMITED","Software & Services","13/12/2010",8091597757
"NYM","NARRYER METALS LIMITED","Materials","14/04/2022",15421601
"NYR","NYRADA INC.","Pharmaceuticals, Biotechnology & Life Sciences","16/01/2020",135807809
"NZK","NEW ZEALAND KING SALMON INVESTMENTS LIMITED","Food, Beverage & Tobacco","19/10/2016",107636455
"NZM","NZME LIMITED","Media & Entertainment","27/06/2016",159013468
"OAK","OAKRIDGE INTERNATIONAL LIMITED","Software & Services","22/06/2007",2559828
"OB1","ORBMINCO LIMITED","Materials","15/09/2005",7092041
"OBL","OMNI BRIDGEWAY LIMITED","Financial Services","28/01/2000",437359749
"OBM","ORA BANDA MINING LTD","Materials","29/10/2002",2787519228
"OBT","ORBIT RESOURCES LIMITED","Materials","18/12/2019",14425897
"OCA","OCEANIA HEALTHCARE LIMITED","Health Care Equipment & Services","05/05/2017",398327067
"OCC","ORTHOCELL LIMITED","Pharmaceuticals, Biotechnology & Life Sciences","12/08/2014",207019220
"OCL","OBJECTIVE CORPORATION LIMITED","Software & Services","17/08/2000",554557157
"OCN","OCEANA METALS LIMITED","Materials","01/07/2022",100043942
"OCT","OCTAVA MINERALS LIMITED","Materials","16/09/2022",2629346
"OD6","OD6 METALS LIMITED","Materials","22/06/2022",31697703
"ODA","ORCODA LIMITED","Software & Services","15/09/1986",9375711
"ODE","ODESSA MINERALS LIMITED","Materials","03/07/1986",33725129
"ODY","ODYSSEY GOLD LTD","Materials","30/11/2005",43797448
"OEC","ORBITAL CORPORATION LIMITED","Capital Goods","24/01/1989",19729583
"OEL","OTTO ENERGY LIMITED","Energy","22/12/2004",38360078
"OEQ","ORION EQUITIES LIMITED","Financial Services","19/11/1970",2734455
"OFX","OFX GROUP LIMITED","Financial Services","11/10/2013",132669278
"OIL","OPTISCAN IMAGING LIMITED","Health Care Equipment & Services","08/08/1997",177754105
"OKJ","OAKAJEE CORPORATION LIMITED","Materials","11/06/2008",3474949
"OLI","OLIVER'S REAL FOOD LIMITED","Consumer Services","21/06/2017",3785123
"OLL","OPENLEARNING LIMITED","Software & Services","12/12/2019",10167817
"OLY","OLYMPIO METALS LIMITED","Materials","12/09/2017",9443954
"OM1","OMNIA METALS GROUP LTD","Materials","02/03/2022",5696542
"OMA","OMEGA OIL & GAS LIMITED","Energy","25/10/2022",378519580
"OMG","OMG GROUP LIMITED","Food, Beverage & Tobacco","31/08/2020",8093564
"OMH","OM HOLDINGS LIMITED","Materials","12/03/1998",153251360
"OML","OOH!MEDIA LIMITED","Media & Entertainment","17/12/2014",876831525
"OMX","ORANGE MINERALS NL","Materials","08/12/2021",10077165
"ONE","ONEVIEW HEALTHCARE PLC","Health Care Equipment & Services","17/03/2016",121732415
"OPH","OPHIR HIGH CONVICTION FUND","Not Applic","19/12/2018",527463112
"OR3","ORE RESOURCES LIMITED","Materials","01/09/2011",52272924
"ORA","ORORA LIMITED","Materials","18/12/2013",1652472307
"ORD","ORDELL MINERALS LIMITED","Materials","19/07/2024",39329879
"ORE","OREZONE GOLD CORPORATION","Materials","08/08/2025",2400487071
"ORG","ORIGIN ENERGY LIMITED","Utilities","13/07/1961",18743494660
"ORI","ORICA LIMITED","Materials","28/11/1961",10832988833
"ORN","ORION MINERALS LTD","Materials","31/10/2003",205950748
"ORP","ORPHEUS URANIUM LIMITED","Materials","23/01/1986",39135676
"OSL","ONCOSIL MEDICAL LTD","Pharmaceuticals, Biotechnology & Life Sciences","15/08/2005",26793658
"OSM","OSMOND RESOURCES LIMITED","Materials","22/04/2022",136896149
"OSS","OCEAN SCIENCES LTD","Pharmaceuticals, Biotechnology & Life Sciences","13/06/2000",3059552
"OSX","OSTEOPORE LIMITED","Health Care Equipment & Services","23/09/2019",2774372
"OVT","OVANTI LIMITED","Media & Entertainment","12/10/2000","--"
"OZM","OZAURUM RESOURCES LIMITED","Materials","08/02/2021",23216150
"OZZ","OZZ RESOURCES LIMITED","Materials","05/07/2021",6585302
"P1E","PURE ONE CORPORATION LIMITED","Energy","12/03/2013",17839679
"PAB","PATRYS LIMITED","Pharmaceuticals, Biotechnology & Life Sciences","13/07/2007",20245360
"PAC","PACIFIC CURRENT GROUP LIMITED","Financial Services","25/09/1987",312365265
"PAF","PAN AFRICAN RESOURCES PLC","Class Pend","23/06/2026",5554793526
"PAR","PARADIGM BIOPHARMACEUTICALS LIMITED..","Pharmaceuticals, Biotechnology & Life Sciences","19/08/2015","--"
"PAT","PATRIOT RESOURCES LIMITED","Materials","09/12/2022",14496787
"PBH","POINTSBET HOLDINGS LIMITED","Consumer Services","12/06/2019",302400326
"PBL","PARABELLUM RESOURCES LIMITED","Materials","29/11/2021",3426500
"PC2","PC GOLD LTD","Materials","21/10/2025",382960503
"PCG","PENGANA CAPITAL GROUP LIMITED","Financial Services","28/02/2001",68974104
"PCI","PERPETUAL CREDIT INCOME TRUST","Not Applic","14/05/2019",786486324
"PCK","PAINCHEK LTD","Health Care Equipment & Services","01/05/2012",20192571
"PCL","PANCONTINENTAL ENERGY NL","Energy","11/09/1986",58002562
"PCX","PENGANA GLOBAL PRIVATE CREDIT TRUST","Not Applic","21/06/2024",252912672
"PDI","PDI GOLD LIMITED","Materials","01/12/2010",4890672800
"PDN","PALADIN ENERGY LTD","Energy","29/03/1994",4048719373
"PE1","PENGANA PRIVATE EQUITY TRUST","Not Applic","30/04/2019",353925437
"PEB","PACIFIC EDGE LIMITED","Pharmaceuticals, Biotechnology & Life Sciences","27/09/2021",235957855
"PEC","PERPETUAL RESOURCES LIMITED","Materials","28/02/2013",13007210
"PEN","PENINSULA ENERGY LIMITED","Energy","26/05/1994",137175685
"PER","PERCHERON THERAPEUTICS LIMITED","Pharmaceuticals, Biotechnology & Life Sciences","20/12/2001",7289662
"PET","PHOSLOCK ENVIRONMENTAL TECHNOLOGIES LIMITED","Commercial & Professional Services","16/08/2002",4370734
"PFE","PANTERA MINERALS LIMITED","Materials","05/08/2021",7391671
"PFG","PRIME FINANCIAL GROUP LIMITED","Financial Services","07/12/2004",54769677
"PFM","PLATFORMO LTD","Software & Services","30/11/2017",1423625
"PFP","PROPEL FUNERAL PARTNERS LIMITED","Consumer Services","23/11/2017",380807119
"PFT","PURE FOODS TASMANIA LIMITED","Food, Beverage & Tobacco","19/12/2005",5480714
"PGC","PARAGON CARE LIMITED","Health Care Equipment & Services","15/10/1999",231742754
"PGD","PEREGRINE GOLD LTD","Materials","31/03/2021",14821292
"PGF","PM CAPITAL GLOBAL OPPORTUNITIES FUND LIMITED","Not Applic","12/12/2013",1953438910
"PGL","PILBARA GOLD LIMITED","Materials","30/05/1973",119348174
"PGM","PLATINA RESOURCES LIMITED","Materials","29/05/2006",13465835
"PGY","PILOT ENERGY LIMITED","Energy","20/04/2006","--"
"PHO","PHOSCO LTD","Materials","17/12/2009",86527468
"PHX","PHARMX TECHNOLOGIES LIMITED","Software & Services","28/07/1971",64187391
"PIA","PENGANA INTERNATIONAL EQUITIES LIMITED","Not Applic","19/03/2004",120797887
"PIC","PERPETUAL EQUITY INVESTMENT COMPANY LIMITED","Not Applic","18/12/2014",432771919
"PIL","PEPPERMINT INNOVATION LIMITED","Software & Services","29/05/2008","--"
"PIM","PINNACLE MINERALS LIMITED","Materials","23/03/2022",5080390
"PIQ","PROTEOMICS INTERNATIONAL LABORATORIES LTD","Pharmaceuticals, Biotechnology & Life Sciences","16/04/2015",20671640
"PKD","PARKD LTD","Commercial & Professional Services","06/12/2017",4480521
"PKO","PEAKO LIMITED","Materials","02/12/2009",29825301
"PKP","PEAK PROCESSING LIMITED","Pharmaceuticals, Biotechnology & Life Sciences","21/09/2018",21427087
"PKY","PATHKEY.AI LTD","Software & Services","07/03/1996",31086178
"PL3","PATAGONIA LITHIUM LTD","Materials","31/03/2023",36050543
"PL8","PLATO INCOME MAXIMISER LIMITED.","Not Applic","05/05/2017",1059320260
"PL9","PRAIRIE LITHIUM LIMITED","Materials","08/07/1971",34681887
"PLA","PACIFIC LIME AND CEMENT LIMITED","Materials","21/09/2017","--"
"PLC","PLC RESOURCES LIMITED","Materials","11/02/2022",8214441
"PLG","PEARL GULL IRON LIMITED","Materials","20/09/2021","--"
"PLS","PLS GROUP LIMITED","Materials","19/09/2007",12000521977
"PLT","PLENTI GROUP LIMITED","Financial Services","23/09/2020",143829811
"PLY","PLAYSIDE STUDIOS LIMITED","Media & Entertainment","17/12/2020",52190980
"PM1","PALISADE METALS LTD","Materials","23/09/2021",19715666
"PME","PRO MEDICUS LIMITED","Health Care Equipment & Services","10/10/2000",16636841608
"PMM","PIONEER MINERALS LIMITED","Materials","28/09/2023",13481285
"PMT","PMET RESOURCES INC.","Materials","07/12/2022",808851184
"PMV","PREMIER INVESTMENTS LIMITED","Consumer Discretionary Distribution & Retail","15/12/1987",1910046328
"PNC","PIONEER CREDIT LIMITED","Financial Services","01/05/2014",120001871
"PNI","PINNACLE INVESTMENT MANAGEMENT GROUP LIMITED","Financial Services","19/06/2007",3229555278
"PNN","POWER MINERALS LIMITED","Materials","15/04/2005",61279966
"PNR","PANTORO GOLD LIMITED","Materials","21/05/1987",1126311177
"PNT","PANTHER METALS LTD","Materials","10/12/2021",2858609
"PNV","POLYNOVO LIMITED","Health Care Equipment & Services","26/11/1998",639029767
"POD","PODIUM MINERALS LIMITED","Materials","28/02/2018",33444809
"POL","POLYMETALS RESOURCES LTD","Materials","29/06/2021",242114527
"POW","POWERHAUS URANIUM LIMITED","Energy","25/08/2026",17473944
"PPC","PEET LIMITED","Real Estate Management & Development","05/08/2004",724640107
"PPE","PEOPLEIN LIMITED","Commercial & Professional Services","22/11/2017",55481134
"PPK","PPK GROUP LIMITED","Materials","21/12/1994",29968124
"PPL","PUREPROFILE LTD","Media & Entertainment","29/07/2015",33792378
"PPM","PEPPER MONEY LIMITED","Financial Services","25/05/2021",768444942
"PPS","PRAEMIUM LIMITED","Software & Services","11/05/2006",294920826
"PPT","PERPETUAL LIMITED","Financial Services","24/06/1964",1945453457
"PPY","PAPYRUS AUSTRALIA LIMITED","Materials","15/04/2005",6488817
"PR1","PURE RESOURCES LIMITED","Materials","21/04/2022",20753307
"PR2","PICHE RESOURCES LIMITED","Not Applic","15/07/2024",16482412
"PRB","PARBO RESOURCES LIMITED","Class Pend","22/09/2026",16999750
"PRG","PRL GLOBAL LTD","Materials","24/07/1987","--"
"PRM","PROMINENCE ENERGY LIMITED","Energy","23/01/1992",2675467
"PRN","PERENTI LIMITED","Materials","06/01/1994",2081166451
"PRO","PROPHECY INTERNATIONAL HOLDINGS LIMITED","Software & Services","22/04/1998",4914339
"PRU","PERSEUS MINING LIMITED","Materials","22/09/2004",8274936103
"PRX","PRODIGY GOLD NL","Materials","21/08/1986",19888509
"PSC","PROSPECT RESOURCES LIMITED","Materials","04/12/2009",200973824
"PSL","PATERSON RESOURCES LTD","Materials","18/10/2006",20432927
"PTL","PRESTAL HOLDINGS LIMITED","Household & Personal Products","29/08/2000","--"
"PTN","PATRONUS RESOURCES LIMITED","Materials","02/10/2013",68046504
"PTR","PTR MINERALS LTD","Materials","27/07/2004",35573829
"PTX","PRESCIENT THERAPEUTICS LIMITED","Pharmaceuticals, Biotechnology & Life Sciences","19/12/1986",73206398
"PUR","PURSUIT MINERALS LTD","Materials","10/09/2008",19650839
"PV1","PROVARIS ENERGY LTD","Energy","21/03/2005",5981812
"PVE","PO VALLEY ENERGY LIMITED","Energy","14/12/2004",106624469
"PVL","POWERHOUSE VENTURES LIMITED","Financial Services","12/10/2016",18463358
"PVT","PIVOTAL METALS LIMITED","Materials","26/07/2018",21041528
"PWH","PWR HOLDINGS LIMITED","Automobiles & Components","18/11/2015",992666584
"PWN","PARKWAY CORPORATE LIMITED","Materials","13/05/2011",24987695
"PWR","PETER WARREN AUTOMOTIVE HOLDINGS LIMITED","Consumer Discretionary Distribution & Retail","27/04/2021",125746930
"PXA","PEXA GROUP LIMITED","Real Estate Management & Development","01/07/2021",1115435521
"PXR","PACIFIC RESOURCES LIMITED","Energy","17/03/2003",3600384
"PXX","POLARX LIMITED","Materials","21/12/2012",54500385
"PYC","PYC THERAPEUTICS LIMITED","Pharmaceuticals, Biotechnology & Life Sciences","30/03/2005",2507951640
"QAL","QUALITAS LIMITED","Real Estate Management & Development","16/12/2021",675190918
"QAN","QANTAS AIRWAYS LIMITED","Transportation","31/07/1995",13437209598
"QBE","QBE INSURANCE GROUP LIMITED","Insurance","28/06/1973",35214156711
"QEM","QEM LIMITED","Materials","19/10/2018",5469718
"QFE","QUICKFEE LIMITED","Financial Services","11/07/2019",30806039
"QGL","QUANTUM GRAPHITE LIMITED","Materials","06/01/2014",98163628
"QML","QMINES LIMITED","Materials","06/05/2021",60987326
"QRI","QUALITAS REAL ESTATE INCOME FUND","Financial Services","27/11/2018",883575661
"QUE","QUESTE COMMUNICATIONS LIMITED","Financial Services","11/11/1998",1343151
"QXR","QX RESOURCES LIMITED","Materials","17/02/2011",6475990
"R8R","REGENER8 RESOURCES NL","Materials","08/07/2022",9421626
"RAC","RACURA ONCOLOGY LTD","Pharmaceuticals, Biotechnology & Life Sciences","13/07/2016",378413054
"RAD","RADIOPHARM THERANOSTICS LIMITED","Pharmaceuticals, Biotechnology & Life Sciences","25/11/2021",28265297
"RAG","RAGNAR METALS LIMITED","Materials","31/03/2005",9281298
"RAN","RANGE INTERNATIONAL LIMITED","Materials","22/07/2016",1611419
"RAP","RAPTOR METALS LTD","Materials","25/10/2021",12829560
"RAS","RAGUSA MINERALS LTD","Materials","13/07/2010",3765777
"RAU","RESOURO STRATEGIC METALS INC.","Materials","14/06/2024",30682613
"RB6","RUBIX RESOURCES LIMITED","Materials","23/12/2021",8910250
"RBR","RBR GROUP LIMITED","Materials","02/02/2007",2829475
"RBX","RESOURCE BASE LIMITED.","Materials","12/07/2021",3618797
"RC1","REDCASTLE RESOURCES LIMITED","Materials","21/03/2003",11460998
"RCE","RECCE PHARMACEUTICALS LTD","Pharmaceuticals, Biotechnology & Life Sciences","15/01/2016",93259872
"RCL","READCLOUD LIMITED","Software & Services","07/02/2018",7834608
"RCM","RAPID CRITICAL METALS LIMITED","Materials","15/12/2021","--"
"RCR","RINCON RESOURCES LIMITED","Materials","21/12/2020",7311207
"RCT","REEF CASINO TRUST","Consumer Services","11/02/1994",231076807
"RDM","RED METAL LIMITED","Materials","27/10/2003",50432802
"RDN","RAIDEN RESOURCES LIMITED","Materials","12/03/1987",10352674
"RDS","REDSTONE RESOURCES LIMITED","Materials","03/08/2006",3914945
"RDX","REDOX LIMITED","Capital Goods","03/07/2023",1816781741
"RDY","READYTECH HOLDINGS LIMITED","Software & Services","17/04/2019",165575903
"REA","REA GROUP LTD","Media & Entertainment","01/12/1999",20148485254
"REC","RECHARGE METALS LIMITED","Materials","11/10/2021",36952804
"REE","RAREX LIMITED","Materials","11/07/2007",13382054
"REG","REGIS HEALTHCARE LIMITED","Health Care Equipment & Services","07/10/2014",1318744823
"REH","REECE LIMITED","Capital Goods","01/01/1974",10382752234
"REM","REMSENSE TECHNOLOGIES LIMITED","Capital Goods","02/11/2021",5106135
"REP","RAM ESSENTIAL SERVICES PROPERTY FUND","Equity Real Estate Investment Trusts (REITs)","20/10/2021",205436725
"REV","REVOLUTION PRIVATE CREDIT INCOME TRUST","Not Applic","22/09/2025",426399542
"REZ","RESOURCES & ENERGY GROUP LIMITED","Materials","11/03/2005",8363496
"RF1","REGAL INVESTMENT FUND","Not Applic","17/06/2019",709293316
"RFF","RURAL FUNDS GROUP","Equity Real Estate Investment Trusts (REITs)","14/02/2014",728782008
"RFG","RETAIL FOOD GROUP LIMITED","Consumer Services","22/06/2006",60729029
"RFT","RECTIFIER TECHNOLOGIES LTD","Capital Goods","22/09/1994",6913903
"RG1","REGAL PARTNERS GLOBAL INVESTMENTS LIMITED","Not Applic","28/09/2017",572594419
"RG8","REGAL ASIAN INVESTMENTS LIMITED","Not Applic","13/11/2019",352044676
"RGL","RIVERSGOLD LIMITED","Materials","10/10/2017",20716538
"RGN","REGION GROUP","Equity Real Estate Investment Trusts (REITs)","26/11/2012",2424786123
"RGT","ARGENT BIOPHARMA LIMITED","Pharmaceuticals, Biotechnology & Life Sciences","21/12/2006",3300068
"RHC","RAMSAY HEALTH CARE LIMITED","Health Care Equipment & Services","24/09/1997",12536367035
"RHI","RED HILL MINERALS LIMITED","Materials","14/02/2006",266550429
"RHT","RESONANCE HEALTH LIMITED","Health Care Equipment & Services","23/10/1987",36261138
"RHY","RHYTHM BIOSCIENCES LIMITED","Health Care Equipment & Services","07/12/2017",28132415
"RIC","RIDLEY CORPORATION LIMITED","Food, Beverage & Tobacco","13/08/1987",933384154
"RIE","RIEDEL RESOURCES LIMITED","Materials","31/01/2011",8036153
"RIM","RIMFIRE PACIFIC MINING LIMITED","Materials","04/03/1997",34490096
"RIO","RIO TINTO LIMITED","Materials","19/09/1962",61707449007
"RIV","RIVCO AUSTRALIA LTD","Utilities","16/09/2016",187356867
"RKB","ROKEBY RESOURCES LIMITED","Materials","19/06/2008",7441825
"RKN","RECKON LIMITED","Software & Services","19/07/1999",47017355
"RKT","ROCKETDNA LTD.","Technology Hardware & Equipment","18/06/2018",27182661
"RLC","REEDY LAGOON CORPORATION LIMITED","Materials","22/06/2007",1553413
"RLF","RLF AGTECH LTD","Materials","21/04/2022",20642011
"RLG","ROOLIFE GROUP LTD","Media & Entertainment","16/11/2016",11562478
"RMC","RESIMAC GROUP LTD","Financial Services","19/03/2001",318400855
"RMD","RESMED INC","Health Care Equipment & Services","25/11/1999",44427936864
"RMI","RESOURCE MINERALS INTERNATIONAL LTD","Materials","14/02/1985",126847332
"RML","RESOLUTION MINERALS LTD","Materials","22/09/2017",100172059
"RMS","RAMELIUS RESOURCES LIMITED","Materials","31/03/2003",7184598942
"RMX","RED MOUNTAIN MINING LIMITED","Materials","01/09/2011",13312260
"RMY","RMA GLOBAL LIMITED","Media & Entertainment","05/07/2018",14615296
"RND","RAND MINING LIMITED","Materials","15/08/1985",119439518
"RNT","RENT.COM.AU LIMITED","Media & Entertainment","26/05/1994",71164018
"RNU","RENASCOR RESOURCES LIMITED","Materials","15/12/2010",140043070
"RNV","RENERVE LIMITED","Health Care Equipment & Services","26/11/2024",13862115
"RNX","RENEGADE EXPLORATION LIMITED","Materials","14/11/2006",5174492
"ROC","ROCKETBOOTS LIMITED","Software & Services","07/12/2021",44174621
"ROG","RED SKY ENERGY LIMITED.","Energy","23/05/2007",10570381
"RON","RONIN RESOURCES LTD","Materials","16/12/2021",6460002
"RPL","REGAL PARTNERS LIMITED","Financial Services","21/06/2019",923904351
"RPM","RPM AUTOMOTIVE GROUP LIMITED","Automobiles & Components","10/11/1983",3541496
"RR1","REACH RESOURCES LIMITED","Materials","06/11/2002",17215517
"RRE","RIGHT RESOURCES LIMITED","Materials","29/10/2025",12878141
"RRL","REGIS RESOURCES LIMITED","Materials","19/02/1987",5455026857
"RRR","REVOLVER RESOURCES HOLDINGS LTD","Materials","23/09/2021",17882356
"RSG","RESOLUTE MINING LIMITED","Materials","11/01/1979",2372533550
"RTG","RTG MINING INC.","Materials","05/06/2014",76968216
"RTH","RAS TECHNOLOGY HOLDINGS LIMITED","Commercial & Professional Services","23/11/2021",27294962
"RTR","RUMBLE RESOURCES LIMITED","Materials","01/07/2011",67673855
"RVT","RICHMOND VANADIUM TECHNOLOGY LIMITED","Materials","13/12/2022",22031510
"RWC","RELIANCE WORLDWIDE CORPORATION LIMITED","Capital Goods","29/04/2016",3568145071
"RWD","REWARD MINERALS LTD","Materials","12/12/1991",7862948
"RWL","RUBICON WATER LIMITED","Technology Hardware & Equipment","02/09/2021",87961819
"RXL","ROX RESOURCES LIMITED","Materials","27/04/2004",878074117
"RYD","RYDER CAPITAL LIMITED","Not Applic","28/09/2015",183653533
"RYM","RYMAN HEALTHCARE LIMITED","Health Care Equipment & Services","01/10/2025",1472830795
"RZI","RAIZ INVEST LIMITED","Financial Services","21/06/2018",51641104
"S2R","S2 RESOURCES LTD","Materials","19/10/2015",31895182
"S32","SOUTH32 LIMITED","Materials","18/05/2015",22282060630
"S66","STAR COMBO PHARMA LIMITED","Household & Personal Products","16/05/2018",18911617
"SAN","SAGALIO ENERGY LIMITED","Energy","15/12/2011",2353591
"SAU","SIGMA LITHIUM CORPORATION","Materials","04/09/2026","--"
"SB2","SALTER BROTHERS EMERGING COMPANIES LIMITED","Not Applic","16/06/2021",47925398
"SBM","ST BARBARA LIMITED","Materials","15/05/1969",950194509
"SBR","SABRE RESOURCES LIMITED","Materials","17/12/1987",5486772
"SBZ","SCHOOLBLAZER LIMITED","Capital Goods","24/08/1971",68306154
"SCG","SCENTRE GROUP","Equity Real Estate Investment Trusts (REITs)","25/06/2014",17309392970
"SCN","SCORPION MINERALS LIMITED","Materials","07/03/2007",11388955
"SCP","SCALARE PARTNERS HOLDINGS LIMITED","Financial Services","19/02/2019",11853509
"SCX","SCX.AI HOLDINGS LIMITED","Software & Services","21/08/2026",93796655
"SDF","STEADFAST GROUP LIMITED","Insurance","02/08/2013",6405071777
"SDR","SITEMINDER LIMITED","Software & Services","08/11/2021",769990838
"SDV","SCIDEV LTD","Materials","02/05/2002",29463730
"SEA","SEA FOREST LIMITED","Food, Beverage & Tobacco","26/11/2025",86332046
"SEC","SPHERIA EMERGING COMPANIES LIMITED","Not Applic","05/12/2017",134861663
"SEG","SPORTS ENTERTAINMENT GROUP LIMITED","Media & Entertainment","28/11/2000",79983035
"SEK","SEEK LIMITED","Media & Entertainment","19/04/2005",4249106155
"SEN","SENETAS CORPORATION LIMITED","Technology Hardware & Equipment","21/06/1984",41775020
"SEQ","SEQUOIA FINANCIAL GROUP LTD","Financial Services","19/09/2000",7231940
"SER","STRATEGIC ENERGY RESOURCES LIMITED","Materials","15/08/1991",12164518
"SET","SOLARIS AUSTRALIAN EQUITY INCOME PLUS LIMITED","Not Applic","17/04/2026",194987005
"SFC","SCHAFFER CORPORATION LIMITED","Automobiles & Components","01/01/1974",256725737
"SFG","SEAFARMS GROUP LIMITED","Food, Beverage & Tobacco","14/06/1990","--"
"SFM","SANTA FE MINERALS LTD","Materials","07/10/2011",39076509
"SFR","SANDFIRE RESOURCES LIMITED","Materials","04/03/2004",10411989249
"SFX","SHEFFIELD RESOURCES LIMITED","Materials","15/12/2010",14257450
"SGA","SARYTOGAN GRAPHITE LIMITED","Materials","18/07/2022",18006461
"SGC","SINCLAIR GOLD LTD","Materials","19/09/2012",233945733
"SGH","SGH LIMITED","Capital Goods","30/04/2010",15163964900
"SGI","STEALTH GROUP HOLDINGS LTD","Capital Goods","02/10/2018",187694147
"SGLLV","RICEGROWERS LIMITED","Food, Beverage & Tobacco","08/04/2019",842751069
"SGM","SIMS LIMITED","Materials","21/10/2005",4674306052
"SGP","STOCKLAND","Equity Real Estate Investment Trusts (REITs)","19/02/1987",9896791577
"SGQ","ST GEORGE MINING LIMITED","Materials","16/11/2010",310283162
"SGR","THE STAR ENTERTAINMENT GROUP LIMITED","Consumer Services","06/06/2011",829525347
"SHA","SHAPE AUSTRALIA CORPORATION LIMITED","Capital Goods","17/12/2021",707888964
"SHE","STONEHORSE ENERGY LIMITED","Energy","24/07/2000",7529061
"SHG","SINGULAR HEALTH GROUP LTD","Health Care Equipment & Services","12/02/2021",60326890
"SHJ","SHINE JUSTICE LTD","Consumer Services","15/05/2013",106715949
"SHL","SONIC HEALTHCARE LIMITED","Health Care Equipment & Services","30/04/1987",9148344510
"SHM","SHRIRO HOLDINGS LIMITED","Consumer Durables & Apparel","23/06/2015",47958691
"SHN","SUNSHINE METALS LIMITED","Materials","25/01/2002",118737116
"SHO","SPORTSHERO LIMITED","Media & Entertainment","12/06/2008",44609567
"SHV","SELECT HARVESTS LIMITED","Food, Beverage & Tobacco","15/06/1978",569156738
"SIG","SIGMA HEALTHCARE LIMITED","Health Care Equipment & Services","30/10/2002",30013627374
"SIO","SIMONDS GROUP LIMITED","Consumer Durables & Apparel","17/11/2014",61184097
"SIQ","SMARTGROUP CORPORATION LTD","Commercial & Professional Services","02/07/2014",1535173511
"SIS","SIMBLE SOLUTIONS LIMITED","Software & Services","22/02/2018",8873321
"SIV","SIV CAPITAL LIMITED","Capital Goods","31/05/2005","--"
"SIX","SPRINTEX LIMITED","Automobiles & Components","29/05/2008",35528475
"SK1","SKINKANDY LIMITED","Consumer Discretionary Distribution & Retail","21/05/2026",305968643
"SKC","SKYCITY ENTERTAINMENT GROUP LIMITED","Consumer Services","29/03/1999",595649725
"SKG","STORAGE KING GROUP","Equity Real Estate Investment Trusts (REITs)","01/08/2023",1406090169
"SKK","STAKK LIMITED","Telecommunication Services","15/06/2004",146708686
"SKM","SKYLARK MINERALS LIMITED","Materials","16/08/2006",33999391
"SKN","SKIN ELEMENTS LIMITED","Household & Personal Products","06/01/2017",10474002
"SKO","SERKO LIMITED","Software & Services","25/06/2018",154520616
"SKS","SKS TECHNOLOGIES GROUP LIMITED","Capital Goods","01/01/1974",1264125717
"SKT","SKY NETWORK TELEVISION LIMITED.","Media & Entertainment","04/07/2005",400075790
"SKY","SKY METALS LIMITED","Materials","11/03/2004",183581545
"SLA","SOLARA MINERALS LTD","Materials","17/11/2021",9181398
"SLB","STELAR METALS LIMITED","Materials","18/03/2022",18966170
"SLC","SUPERLOOP LIMITED","Telecommunication Services","04/06/2015",1308603182
"SLD","SALUDA MEDICAL, INC.","Health Care Equipment & Services","05/12/2025",105850000
"SLM","SOLIS MINERALS LIMITED","Materials","24/12/2021",16258284
"SLS","SOLSTICE MINERALS LIMITED","Materials","02/05/2022",492082100
"SLX","SILEX SYSTEMS LIMITED","Capital Goods","07/05/1998",1212669954
"SLZ","SULTAN RESOURCES LTD","Materials","16/08/2018",6948799
"SM1","SYNLAIT MILK LIMITED","Food, Beverage & Tobacco","25/11/2016",193023391
"SMI","SANTANA MINERALS LIMITED","Materials","31/05/2013",502737887
"SMM","SOMERSET MINERALS LIMITED","Materials","15/08/2018",14441625
"SMN","STRUCTURAL MONITORING SYSTEMS PLC","Technology Hardware & Equipment","16/08/2004",57574508
"SMR","STANMORE RESOURCES LIMITED","Materials","09/12/2009",2316576499
"SMS","STAR MINERALS LIMITED","Materials","27/10/2021",10691348
"SMX","STRATA MINERALS LIMITED.","Materials","07/05/2021",5719344
"SNC","SANDON CAPITAL INVESTMENTS LIMITED","Not Applic","23/12/2013",114185288
"SND","SAUNDERS INTERNATIONAL LIMITED","Capital Goods","05/12/2007",109838064
"SNG","SIREN GOLD LIMITED","Materials","07/10/2020",11739461
"SNL","SUPPLY NETWORK LIMITED","Consumer Discretionary Distribution & Retail","10/09/1987",1554237748
"SNM","SENTINEL METALS LIMITED","Materials","30/10/2025",65438800
"SNS","SENSEN NETWORKS LIMITED","Software & Services","31/05/2007",25299148
"SNT","SYNTARA LIMITED","Pharmaceuticals, Biotechnology & Life Sciences","10/11/2003",43219424
"SNX","SIERRA NEVADA GOLD INC.","Materials","03/05/2022",68349419
"SNZ","SUMMERSET GROUP HOLDINGS LIMITED","Health Care Equipment & Services","18/07/2013",1376425357
"SOC","SOCO CORPORATION LTD","Software & Services","23/12/2022",5574204
"SOL","WASHINGTON H. SOUL PATTINSON AND COMPANY LIMITED","Financial Services","21/01/1903",17244554366
"SOM","SOMNOMED LIMITED","Health Care Equipment & Services","27/08/2004",63732793
"SOP","SYNERTEC CORPORATION LIMITED","Commercial & Professional Services","28/05/2013",62095285
"SOR","STRATEGIC ELEMENTS LIMITED","Financial Services","11/08/2011",22384094
"SP3","SPECTUR LIMITED","Technology Hardware & Equipment","01/08/2017",3743304
"SP8","STREAMPLAY STUDIO LIMITED","Media & Entertainment","09/06/1971",9318780
"SPA","SPACETALK LTD","Software & Services","17/07/2001",30204202
"SPD","SOUTHERN PALLADIUM LIMITED","Materials","08/06/2022",217019414
"SPG","SPC GLOBAL HOLDINGS LTD","Food, Beverage & Tobacco","29/06/2012",91885070
"SPK","SPARK NEW ZEALAND LIMITED","Telecommunication Services","22/08/1991",2985473563
"SPL","STARPHARMA HOLDINGS LIMITED","Pharmaceuticals, Biotechnology & Life Sciences","28/09/2000",388588683
"SPN","SPARC TECHNOLOGIES LIMITED","Materials","03/07/1986",20636608
"SPQ","SUPERIOR RESOURCES LIMITED","Materials","12/11/2007",9242348
"SPX","SPENDA LIMITED","Software & Services","29/05/2002",2477802
"SPZ","SMART PARKING LIMITED","Commercial & Professional Services","09/01/2007",287879284
"SQX","SQX RESOURCES LIMITED","Materials","20/02/2023",7095500
"SRG","SRG GLOBAL LIMITED","Capital Goods","17/08/2007",2495466855
"SRH","SAFEROADS HOLDINGS LIMITED","Transportation","15/12/2005",4551378
"SRJ","SRJ TECHNOLOGIES GROUP PLC","Energy","18/09/2020",8705005
"SRK","STRIKE RESOURCES LIMITED","Materials","07/03/2000",5675000
"SRL","SUNRISE ENERGY METALS LIMITED","Materials","09/11/2007",3461234985
"SRN","SUREFIRE RESOURCES NL","Materials","11/06/1999",3442405
"SRR","SARAMA RESOURCES LTD","Materials","02/05/2022",14604166
"SRV","SERVCORP LIMITED","Real Estate Management & Development","06/12/1999",576499798
"SRZ","STELLAR RESOURCES LIMITED","Materials","28/04/2005",136009436
"SS1","SUN SILVER LIMITED","Materials","15/05/2024",180874124
"SSG","SHAVER SHOP GROUP LIMITED","Consumer Discretionary Distribution & Retail","01/07/2016",167695992
"SSH","SSH GROUP LTD","Energy","17/09/2021",14880824
"SSL","SIETEL LIMITED","Real Estate Management & Development","01/01/1974","--"
"SSM","SERVICE STREAM LIMITED","Capital Goods","09/12/2004",1453252714
"SST","STEAMSHIPS TRADING COMPANY LIMITED","Capital Goods","30/06/1962",280934627
"STH","STEPCHANGE HOLDINGS LIMITED","Software & Services","10/07/2025",21368665
"STK","STRICKLAND METALS LIMITED","Materials","06/04/2006",158503126
"STM","SUNSTONE METALS LTD","Materials","22/03/2007",52545284
"STN","SATURN METALS LIMITED","Materials","09/03/2018",364809674
"STO","SANTOS LIMITED","Energy","01/10/1954",27833414276
"STP","STEP ONE CLOTHING LIMITED","Consumer Discretionary Distribution & Retail","01/11/2021",25947641
"STV","SWIFT TV LTD","Media & Entertainment","30/06/1994",10152348
"STX","STRIKE ENERGY LIMITED","Energy","05/08/2004",396686975
"SUH","SOUTHERN HEMISPHERE MINING LIMITED","Materials","05/01/2010",25032161
"SUL","SUPER RETAIL GROUP LIMITED","Consumer Discretionary Distribution & Retail","06/07/2004",2890579200
"SUN","SUNCORP GROUP LIMITED","Insurance","07/07/1988",19239933019
"SVG","SAVANNAH GOLDFIELDS LIMITED","Materials","02/04/1987","--"
"SVL","SILVER MINES LIMITED","Materials","19/01/2007",344557842
"SVM","SOVEREIGN METALS LIMITED","Materials","22/01/2007",324700795
"SVR","SOLVAR LIMITED","Financial Services","19/10/2006",271242155
"SVY","STAVELY MINERALS LIMITED","Materials","07/05/2014",13423962
"SWP","SWOOP HOLDINGS LIMITED","Telecommunication Services","06/10/1988",24262775
"SX2","SOUTHERN CROSS GOLD CONSOLIDATED LTD.","Materials","16/01/2025",3082176710
"SXE","SOUTHERN CROSS ELECTRICAL ENGINEERING LTD","Capital Goods","28/11/2007",1641164321
"SXL","SOUTHERN CROSS MEDIA GROUP LIMITED","Media & Entertainment","17/11/2005",258540735
"SYL","SYMAL GROUP LIMITED","Capital Goods","21/11/2024",679344625
"SYR","SYRAH RESOURCES LIMITED","Materials","11/09/2007",153247215
"T3D","333D LIMITED","Commercial & Professional Services","27/12/2006",9724192
"T88","TAITON RESOURCES LIMITED","Materials","19/12/2022",5325497
"T92","TERRA CRITICAL MINERALS LIMITED","Energy","08/09/2022",5637891
"TAH","TABCORP HOLDINGS LIMITED","Consumer Services","15/08/1994",1984664271
"TAL","TALIUS GROUP LIMITED","Software & Services","02/06/2006",15492254
"TAM","TANAMI GOLD NL","Materials","11/12/1986",162163392
"TAR","TARUGA MINERALS LIMITED","Materials","07/02/2012",20058979
"TAS","TASMAN RESOURCES LTD","Materials","18/12/2001",14403765
"TAT","TARTANA MINERALS LIMITED","Materials","17/12/2004",6084495
"TBN","TAMBORAN RESOURCES CORPORATION","Energy","02/07/2021",1678080288
"TBR","TRIBUNE RESOURCES LIMITED","Materials","04/05/1989",262340385
"TCF","360 CAPITAL MORTGAGE REIT","Not Applic","17/10/2006",40852053
"TCG","TURACO GOLD LIMITED","Materials","22/07/2008",994045160
"TCL","TRANSURBAN GROUP","Transportation","14/03/1996",40723204631
"TCO","TRANSMETRO CORPORATION LIMITED","Consumer Services","17/09/1987",36133501
"TD1","TALI DIGITAL LIMITED","Health Care Equipment & Services","23/09/2004",10508743
"TDO","3D ENERGI LIMITED","Energy","22/05/2007","--"
"TEA","TASMEA LIMITED","Capital Goods","29/04/2024",3085797748
"TEE","TOP END ENERGY LIMITED","Energy","04/04/2022","--"
"TEK","THORNEY TECHNOLOGIES LTD","Not Applic","10/05/2005",37003333
"TEM","TEMPEST MINERALS LIMITED","Materials","28/03/2017",4407505
"TER","TERRACOM LIMITED","Energy","22/07/2010","--"
"TET","TETRAGON ENERGY LIMITED","Energy","09/07/2026",15880163
"TFL","TASFOODS LIMITED","Food, Beverage & Tobacco","16/12/1999","--"
"TG1","TECHGEN METALS LTD","Materials","07/04/2021",5997186
"TG6","TG METALS LIMITED","Materials","26/05/2022",28592615
"TGF","TRIBECA GLOBAL NATURAL RESOURCES LIMITED","Not Applic","12/10/2018",190130071
"TGH","TERRAGEN HOLDINGS LIMITED","Materials","11/12/2019",18110378
"TGM","THETA GOLD MINES LIMITED","Materials","07/04/2011",254579445
"TGN","TUNGSTEN MINING NL","Materials","17/12/2012",380384600
"THL","TOURISM HOLDINGS RENTALS LIMITED","Transportation","02/12/2022",476215400
"THR","THOR ENERGY PLC","Materials","27/09/2006",10300726
"TIA","TIAN AN AUSTRALIA LIMITED","Real Estate Management & Development","11/12/1985",14723501
"TIO","TEMAS RESOURCES CORP.","Materials","27/10/2025",9237995
"TIP","TEAMINVEST PRIVATE GROUP LIMITED","Financial Services","24/05/2019",36769307
"TKM","TREK METALS LIMITED","Materials","05/07/2007",35827516
"TLC","THE LOTTERY CORPORATION LIMITED","Consumer Services","24/05/2022",10616931023
"TLG","TALGA GROUP LTD","Materials","09/07/2010",125177065
"TLM","TALISMAN MINING LIMITED","Materials","25/11/2005",16001784
"TLS","TELSTRA GROUP LIMITED","Telecommunication Services","17/11/1997",53579245348
"TLX","TELIX PHARMACEUTICALS LIMITED","Pharmaceuticals, Biotechnology & Life Sciences","15/11/2017",5292137487
"TM1","TERRA METALS LIMITED","Energy","20/12/2012",159787375
"TMB","TAMBOURAH METALS LTD","Materials","12/08/2021",8559568
"TMK","TMK ENERGY LIMITED","Energy","10/07/2008",31018848
"TML","TIMAH RESOURCES LIMITED","Utilities","16/09/2015",4171709
"TMS","TENNANT MINERALS LIMITED","Materials","17/08/2004",10476617
"TMX","TERRAIN MINERALS LIMITED","Materials","23/03/2006",11820685
"TNC","TRUE NORTH COPPER LIMITED","Materials","10/11/2020",67627524
"TNE","TECHNOLOGY ONE LIMITED","Software & Services","08/12/1999",10046940523
"TNY","TINYBEANS GROUP LTD","Media & Entertainment","21/04/2017",9167011
"TOK","TOLU MINERALS LIMITED.","Materials","10/11/2023",386355655
"TON","TRITON MINERALS LTD","Materials","14/08/2009",7841944
"TOP","THORNEY OPPORTUNITIES LTD","Not Applic","22/03/2000",93139638
"TOR","TORQUE METALS LIMITED..","Materials","25/06/2021",137484270
"TOT","360 CAPITAL REIT","Equity Real Estate Investment Trusts (REITs)","22/04/2015",90536672
"TOU","TLOU ENERGY LIMITED","Energy","09/04/2013",3895753
"TPC","TPC CONSOLIDATED LIMITED","Utilities","16/07/2007",54012857
"TPG","TPG TELECOM LIMITED.","Telecommunication Services","30/06/2020",7459511720
"TPW","TEMPLE & WEBSTER GROUP LTD","Consumer Discretionary Distribution & Retail","10/12/2015",498820009
"TR2","TALI RESOURCES LTD","Materials","18/07/2025",41222648
"TR8","TARRINA RESOURCES LIMITED","Materials","07/01/2022",6292489
"TRA","TURNERS AUTOMOTIVE GROUP LIMITED","Consumer Discretionary Distribution & Retail","28/07/2017",641737607
"TRE","TOUBANI RESOURCES LIMITED","Materials","28/11/2022",327512233
"TRI","TRIVARX LTD","Health Care Equipment & Services","29/01/2001",11536935
"TRJ","TRAJAN GROUP HOLDINGS LIMITED","Pharmaceuticals, Biotechnology & Life Sciences","07/06/2021",37451590
"TRM","TRUSCOTT MINING CORPORATION LIMITED","Materials","18/04/2007","--"
"TRP","TISSUE REPAIR LTD","Pharmaceuticals, Biotechnology & Life Sciences","18/11/2021",5441836
"TRU","TRUSCREEN GROUP LIMITED","Health Care Equipment & Services","06/01/2021",10477189
"TSK","TUSKER MINERALS LTD","Materials","29/06/2023",7152603
"TSL","TITANIUM SANDS LIMITED","Materials","22/12/1988",14068483
"TSO","TESORO GOLD LTD","Materials","28/01/2004",168053316
"TSR","TURNSTONE RESOURCES LTD","Materials","20/01/2017",4864651
"TTM","TITAN MINERALS LIMITED","Materials","15/11/2006",156969017
"TTT","TITOMIC LIMITED","Materials","21/09/2017",187630106
"TTX","TETRATHERIX LIMITED","Pharmaceuticals, Biotechnology & Life Sciences","30/06/2025",338512024
"TUA","TUAS LIMITED","Telecommunication Services","30/06/2020",940499433
"TVL","TOUCH VENTURES LIMITED","Financial Services","29/09/2021",41794285
"TVN","TIVAN LIMITED","Materials","18/02/1971",457760043
"TWD","TAMAWOOD LIMITED","Consumer Durables & Apparel","14/08/2000",108091715
"TWE","TREASURY WINE ESTATES LIMITED","Food, Beverage & Tobacco","10/05/2011",4489601793
"TWL","TRADE WINDOW HOLDINGS LIMITED","Class Pend","19/12/2025",18814606
"TWR","TOWER LIMITED","Insurance","28/09/1999",552892275
"TXR","TALONX RESOURCES LIMITED","Materials","05/09/1985",4659985
"TYR","TYRO PAYMENTS LIMITED","Financial Services","06/12/2019",370055700
"TYX","TYRANNA RESOURCES LIMITED","Materials","11/07/2007",7832300
"TZL","TZ LIMITED","Technology Hardware & Equipment","22/01/1987",10848255
"TZN","TERRAMIN AUSTRALIA LIMITED.","Materials","23/12/2003",45365608
"UBN","URBANISE.COM LIMITED","Software & Services","22/09/2014",51484107
"UCM","USCOM LIMITED","Health Care Equipment & Services","10/12/2003","--"
"UM1","UNITY METALS LIMITED","Materials","12/01/2026",25112378
"UNI","UNIVERSAL STORE HOLDINGS LIMITED","Consumer Discretionary Distribution & Retail","16/11/2020",593051861
"UNT","UNITH LTD","Media & Entertainment","16/12/1999",11073062
"UOS","UNITED OVERSEAS AUSTRALIA LIMITED","Real Estate Management & Development","17/02/1988",1156807397
"URF","US MASTERS RESIDENTIAL PROPERTY FUND","Equity Real Estate Investment Trusts (REITs)","23/07/2012",77450770
"USC","US1 CRITICAL MINERALS LIMITED","Materials","27/06/2006",22304906
"USL","UNICO SILVER LIMITED","Materials","19/04/2017",508484129
"USM","UNION STAR METALS LTD","Materials","12/11/2009",5179366
"UWC","UNDERWOOD CAPITAL LIMITED","Not Applic","22/01/2015",11140520
"VAL","VALIANT GOLD LIMITED","Materials","27/03/2026",140400026
"VAN","VANTAGE METALS LIMITED","Materials","28/01/2022",11308366
"VAU","VAULT MINERALS LIMITED","Materials","16/10/1996",6217741029
"VBC","VERBREC LIMITED","Capital Goods","11/12/2007",56699052
"VBS","VECTUS BIOSYSTEMS LIMITED","Pharmaceuticals, Biotechnology & Life Sciences","23/02/2016",6840136
"VBX","VBX LIMITED","Materials","17/06/2025",47400479
"VCX","VICINITY CENTRES","Equity Real Estate Investment Trusts (REITs)","05/12/2011",10390635923
"VEA","VIVA ENERGY GROUP LIMITED","Energy","13/07/2018",5243441937
"VEE","VEEM LTD","Capital Goods","26/10/2016",76309673
"VEN","VINTAGE ENERGY LTD","Energy","17/09/2018",3660504
"VFX","VISIONFLEX GROUP LIMITED","Health Care Equipment & Services","09/06/2015",3211245
"VFY","VITRAFY LIFE SCIENCES LIMITED","Pharmaceuticals, Biotechnology & Life Sciences","26/11/2024",275991012
"VGL","VISTA GROUP INTERNATIONAL LIMITED.","Software & Services","11/08/2014",540792464
"VGN","VIRGIN AUSTRALIA HOLDINGS LIMITED.","Transportation","24/06/2025",2125268300
"VHL","VITASORA HEALTH LIMITED","Health Care Equipment & Services","14/07/2000",30532804
"VHM","VHM LIMITED","Materials","09/01/2023",74825256
"VIG","VICTOR GROUP HOLDINGS LIMITED","Software & Services","09/05/2014","--"
"VIT","VITURA HEALTH LIMITED","Health Care Equipment & Services","07/11/2019",12592095
"VKA","VIKING MINES LIMITED","Materials","12/05/2010",30913718
"VLS","VITA LIFE SCIENCES LIMITED..","Pharmaceuticals, Biotechnology & Life Sciences","23/08/2007",146016964
"VMC","VENUS METALS CORPORATION LIMITED","Materials","12/06/2007",24860541
"VML","VITAL METALS LIMITED","Materials","11/10/2005",24540085
"VMM","VIRIDIS MINING AND MINERALS LIMITED","Materials","24/01/2022",629912233
"VMS","VENARI MINERALS NL","Materials","14/08/1986",16809164
"VMT","VMOTO LIMITED","Automobiles & Components","31/01/2002",30223389
"VNL","VINYL GROUP LTD","Software & Services","21/09/2010",53394339
"VNT","VENTIA SERVICES GROUP LIMITED","Capital Goods","19/11/2021",4975219292
"VPR","VOLT GROUP LIMITED","Utilities","18/04/1991",20383210
"VR1","VECTION TECHNOLOGIES LTD","Software & Services","17/03/2017",40176999
"VR8","VANADIUM RESOURCES LIMITED","Materials","03/11/2017",39955102
"VRC","VOLT RESOURCES LIMITED","Materials","19/12/2003","--"
"VRL","VERITY RESOURCES LIMITED","Materials","18/01/2008",5646073
"VRS","VERIS LIMITED","Commercial & Professional Services","25/06/2008",26016959
"VRX","VRX SILICA LIMITED","Materials","24/02/2011",34942916
"VSL","VULCAN STEEL LIMITED","Materials","04/11/2021",827894274
"VSR","VOLTAIC STRATEGIC RESOURCES LTD","Energy","21/01/2011",13419920
"VTA","VITA RESOURCES NL","Materials","16/03/2021",2680819
"VTM","VICTORY METALS LIMITED","Materials","22/07/2021",174492593
"VTX","VERTEX MINERALS LIMITED","Materials","17/01/2022","--"
"VUL","VULCAN ENERGY RESOURCES LIMITED","Materials","30/05/2018",811329949
"VVA","VIVA LEISURE LIMITED","Consumer Services","07/06/2019",148296207
"VYS","VYSARN LIMITED","Materials","14/12/2007",466394727
"W2V","WAY 2 VAT LTD.","Software & Services","17/09/2021",12734731
"WA1","WA1 RESOURCES LTD","Materials","08/02/2022",698931163
"WAA","WAM ACTIVE LIMITED","Not Applic","11/01/2008",159002140
"WAF","WEST AFRICAN RESOURCES LIMITED","Materials","11/06/2010",3938641361
"WAG","THE AUSTRALIAN WEALTH ADVISORS GROUP LIMITED","Financial Services","16/02/2024",44639000
"WAM","WAM CAPITAL LIMITED","Not Applic","12/08/1999",1314621869
"WAR","WAM STRATEGIC VALUE LIMITED","Not Applic","28/06/2021",197237708
"WAT","WATERCO LIMITED","Consumer Durables & Apparel","23/03/1989",231031423
"WAU","WA GOLD LIMITED","Materials","12/05/2004",17683450
"WAX","WAM RESEARCH LIMITED","Not Applic","19/08/2003",181685870
"WBC","WESTPAC BANKING CORPORATION","Banks","18/07/1970",117795245824
"WBT","WEEBIT NANO LTD","Semiconductors & Semiconductor Equipment","21/12/2010",953977082
"WC1","WEST COBAR METALS LIMITED","Materials","01/10/2021",7486611
"WC8","WILDCAT RESOURCES LIMITED","Materials","04/08/2004",438497922
"WCE","WEST COAST SILVER LIMITED","Materials","14/12/2020",30937692
"WCN","WHITE CLIFF MINERALS LIMITED","Materials","14/12/2007",91013947
"WDS","WOODSIDE ENERGY GROUP LTD","Energy","18/11/1971",59352346464
"WEB","WEBBEDS GROUP LIMITED","Consumer Services","19/11/1997",1227482720
"WEC","WHITE ENERGY COMPANY LIMITED","Energy","23/07/1999",232918226
"WEL","WINCHESTER ENERGY LTD","Energy","23/09/2014",1713019
"WES","WESFARMERS LIMITED","Consumer Discretionary Distribution & Retail","15/11/1984",85679787482
"WGB","WAM GLOBAL LIMITED","Not Applic","22/06/2018",719198708
"WGN","WAGNERS HOLDING COMPANY LIMITED","Materials","08/12/2017",877415330
"WGR","WESTERN GOLD RESOURCES LIMITED.","Materials","23/07/2021",21925057
"WGX","WESTGOLD RESOURCES LIMITED.","Materials","06/12/2016",4867218526
"WHC","WHITEHAVEN COAL LIMITED","Energy","01/06/2007",6219704464
"WHF","WHITEFIELD INDUSTRIALS LIMITED","Not Applic","02/08/1971",570649088
"WHI","WHITEFIELD INCOME LIMITED","Not Applic","11/12/2024",385519035
"WHK","WHITEHAWK LIMITED","Software & Services","24/01/2018",3446985
"WIA","WIA GOLD LIMITED","Materials","09/03/2011",938445298
"WIN","WIN METALS LTD","Materials","22/09/2021",18040582
"WJL","WEBJET GROUP LIMITED","Consumer Services","23/09/2024",113833804
"WLC","WHITEROCK LITHIUM CORP.","Materials","24/08/2026",350320900
"WLE","WAM LEADERS LIMITED","Not Applic","30/05/2016",2063000665
"WMA","WAM ALTERNATIVE ASSETS LIMITED","Not Applic","16/06/2014",194485091
"WMG","WESTERN MINES GROUP LTD","Materials","20/07/2021",20859444
"WMI","WAM MICROCAP LIMITED","Not Applic","28/06/2017",374178670
"WMX","WAM INCOME MAXIMISER LIMITED","Not Applic","30/04/2025",463592779
"WNR","WINGARA AG LTD","Food, Beverage & Tobacco","31/01/1990","--"
"WNX","WELLNEX LIFE LIMITED","Food, Beverage & Tobacco","15/03/2017",5988199
"WOA","WIDE OPEN AGRICULTURE LTD","Food, Beverage & Tobacco","06/07/2018",9162256
"WOR","WORLEY LIMITED","Capital Goods","28/11/2002",4588332920
"WOT","WOTSO","Real Estate Management & Development","28/10/2011",87537410
"WOW","WOOLWORTHS GROUP LIMITED","Consumer Staples Distribution & Retail","12/07/1993",46762817070
"WPR","WAYPOINT REIT","Equity Real Estate Investment Trusts (REITs)","03/08/2016",1319208565
"WQG","WCM GLOBAL GROWTH LIMITED","Not Applic","23/06/2017",576546910
"WRK","WRKR LTD","Software & Services","19/12/2016",161775988
"WRX","WESTERN RIDGE RESOURCES LIMITED","Materials","05/08/2022",7676163
"WSI","WESTSTAR INDUSTRIAL LIMITED","Materials","07/06/2006",8742210
"WSR","WESTAR RESOURCES LIMITED","Materials","17/12/2020",4848012
"WTC","WISETECH GLOBAL LIMITED","Software & Services","11/04/2016",11007198696
"WTL","WT FINANCIAL GROUP LIMITED","Financial Services","09/03/2015",53038798
"WTM","WARATAH MINERALS LIMITED","Materials","29/10/2012",306719338
"WTN","WINTON LAND LIMITED","Real Estate Management & Development","17/12/2021",255087813
"WWG","WISEWAY GROUP LIMITED","Transportation","31/10/2018",44618068
"WWI","WEST WITS MINING LIMITED","Materials","19/12/2007",163085255
"WYX","WESTERN YILGARN NL","Materials","25/05/2007",6536092
"WZR","WISR LIMITED","Financial Services","16/03/1989",54652458
"X2M","X2M CONNECT LIMITED","Technology Hardware & Equipment","22/09/2021",12972740
"XEN","XENITRA LIMITED","Consumer Discretionary Distribution & Retail","07/12/2011",9389718
"XF1","XREF LIMITED","Software & Services","18/04/2007",10564309
"XGL","XAMBLE GROUP LIMITED","Media & Entertainment","06/07/2015",3075668
"XPD","XPEDRA RESOURCES LIMITED","Materials","29/08/1997",16599920
"XPN","XPON TECHNOLOGIES GROUP LIMITED","Software & Services","16/12/2021",6573966
"XRA","XENORA MINERALS LTD","Materials","06/04/2017",16747601
"XRF","XRF SCIENTIFIC LIMITED","Capital Goods","31/10/2006",253834962
"XRG","XREALITY GROUP LTD","Consumer Services","18/01/2013","--"
"XRO","XERO LIMITED","Software & Services","08/11/2012",9643591762
"XST","XSTATE RESOURCES LIMITED","Energy","14/01/1988",6238608
"XYZ","BLOCK, INC.","Financial Services","20/01/2022",3967696970
"YAL","YANCOAL AUSTRALIA LIMITED","Energy","28/06/2012",7605731157
"YAR","YARI RESOURCES LTD","Materials","19/06/2006",4426932
"YOJ","YOJEE LIMITED","Software & Services","02/12/2010",93599473
"YOW","YOWIE GROUP LTD","Food, Beverage & Tobacco","15/09/1999","--"
"YRL","YANDAL RESOURCES LIMITED","Materials","14/12/2018",42090387
"YUG","YUGO METALS LIMITED","Materials","21/10/2021",25612236
"ZAG","ZULEIKA GOLD LIMITED","Materials","23/08/2010",33277274
"ZEO","ZEOTECH LIMITED","Materials","16/10/2009",141955128
"ZEU","ZEUS RESOURCES LIMITED","Energy","21/01/2013",8408512
"ZGL","ZICOM GROUP LIMITED","Capital Goods","12/11/1970",30181229
"ZIM","ZIMPLATS HOLDINGS LIMITED","Materials","15/10/1998",1547829393
"ZIP","ZIP CO LIMITED..","Financial Services","09/12/2009",2554139694
"ZLD","ZELIRA THERAPEUTICS LIMITED","Pharmaceuticals, Biotechnology & Life Sciences","28/07/2003","--"
"ZMI","ZINC OF IRELAND LIMITED","Materials","18/09/2007",24415203
"ZMM","ZIMI LIMITED","Technology Hardware & Equipment","10/09/2007",3449511
"ZNC","ZENITH MINERALS LIMITED","Materials","29/05/2007",46117860
"ZNO","ZOONO GROUP LIMITED","Materials","21/07/1988",19498165